id,first_name,last_name,email,gender,ip_address,salary,direction,date
1,Redd,Sappy,rsappy0@weather.com,Male,238.116.186.34,4929,Room 616,8/26/2022
2,Bobina,Kilfeather,bkilfeather1@facebook.com,Female,236.254.133.74,8311,Suite 92,8/16/2022
3,Esdras,Elam,eelam2@upenn.edu,Male,154.206.12.187,4359,PO Box 41704,9/9/2022
4,Hollis,Blackeby,hblackeby3@gnu.org,Male,170.128.57.99,9267,Room 516,2/22/2023
5,Geordie,McDonough,gmcdonough4@google.com.au,Male,102.73.229.197,8918,Apt 487,6/21/2022
6,Valma,Calloway,vcalloway5@cornell.edu,Female,220.10.36.155,7716,PO Box 23519,6/15/2022
7,Pennie,Amis,pamis6@photobucket.com,Female,75.110.152.118,1389,PO Box 79006,10/3/2022
8,Lesya,Williscroft,lwilliscroft7@jalbum.net,Agender,193.5.134.78,3209,Suite 69,4/17/2022
9,Ricard,Greystoke,rgreystoke8@patch.com,Male,185.233.251.137,5242,Apt 1127,11/9/2022
10,Olly,Hassan,ohassan9@slate.com,Polygender,97.130.237.41,8270,Suite 87,10/15/2022
11,Constantine,Cockshut,ccockshuta@cisco.com,Male,30.171.201.158,8631,Room 1945,3/25/2023
12,Kerk,Massinger,kmassingerb@yellowpages.com,Male,26.8.122.58,5698,Apt 1468,12/4/2022
13,Rebe,Pleuman,rpleumanc@opera.com,Female,69.169.124.205,8742,Room 484,9/4/2022
14,Sheree,Faireclough,sfairecloughd@wikispaces.com,Female,235.146.40.156,5224,10th Floor,11/28/2022
15,Kyle,McCathie,kmccathiee@lulu.com,Female,226.196.152.75,4971,7th Floor,7/23/2022
16,Christophe,Salsberg,csalsbergf@aol.com,Male,80.41.235.231,9772,PO Box 74462,2/4/2023
17,Reagen,Hurry,rhurryg@phpbb.com,Male,182.70.98.26,6709,PO Box 83329,11/10/2022
18,Wang,Lalley,wlalleyh@tuttocitta.it,Male,80.222.246.158,8120,PO Box 29742,10/2/2022
19,Chrissie,Brizell,cbrizelli@blogs.com,Female,103.158.182.207,2043,Room 1309,7/25/2022
20,Lucie,Balcock,lbalcockj@linkedin.com,Female,47.195.195.78,8439,PO Box 65232,7/17/2022
21,Ainsley,De Ruggero,aderuggerok@hao123.com,Female,127.62.95.124,4250,Room 1061,7/6/2022
22,Sada,Charker,scharkerl@who.int,Female,30.255.133.138,1915,PO Box 12306,8/16/2022
23,Romy,Glanister,rglanisterm@networkadvertising.org,Female,18.249.167.84,7397,PO Box 43969,5/26/2022
24,Caro,Epsly,cepslyn@senate.gov,Female,159.40.192.54,1520,PO Box 35006,2/26/2023
25,Thibaut,Abbett,tabbetto@linkedin.com,Male,80.188.129.37,6063,Apt 1691,11/14/2022
26,Richardo,Currao,rcurraop@github.io,Male,202.40.88.67,7323,4th Floor,9/17/2022
27,Thorvald,Eggle,teggleq@wikispaces.com,Male,197.247.250.229,1552,Apt 1616,8/28/2022
28,Julina,Casellas,jcasellasr@seesaa.net,Female,108.157.13.226,1508,PO Box 27364,12/24/2022
29,Ariadne,Caldaro,acaldaros@unblog.fr,Female,196.126.122.136,3299,Suite 83,12/10/2022
30,Brandy,Hlavac,bhlavact@meetup.com,Female,166.45.166.75,8751,Suite 23,11/29/2022
31,Analiese,Habbes,ahabbesu@oaic.gov.au,Female,218.252.160.68,5897,9th Floor,11/14/2022
32,Etienne,Corhard,ecorhardv@ehow.com,Male,49.65.252.252,1950,Apt 1865,8/29/2022
33,Barris,Dawber,bdawberw@seattletimes.com,Male,114.112.255.110,4228,Apt 1196,10/16/2022
34,Tammy,Blackboro,tblackborox@networkadvertising.org,Polygender,243.172.78.61,3677,10th Floor,8/28/2022
35,Kelly,Gullan,kgullany@xing.com,Male,181.3.40.133,1278,Room 42,1/22/2023
36,Brig,Graham,bgrahamz@woothemes.com,Genderqueer,91.10.143.201,7114,PO Box 33535,1/5/2023
37,Geralda,Billingsly,gbillingsly10@w3.org,Female,88.208.251.187,8922,Room 367,12/4/2022
38,Roby,Frowen,rfrowen11@timesonline.co.uk,Female,153.29.86.74,3094,Suite 49,7/10/2022
39,Ciel,Marsie,cmarsie12@netscape.com,Female,93.18.160.32,4739,PO Box 85700,9/24/2022
40,Worden,Dubble,wdubble13@home.pl,Male,214.168.213.83,8617,Apt 110,10/31/2022
41,Lesya,Eilhermann,leilhermann14@plala.or.jp,Female,231.42.132.37,6642,Apt 97,9/13/2022
42,Martie,Yanshin,myanshin15@cafepress.com,Non-binary,211.17.200.82,9007,Suite 21,4/28/2022
43,Jocelin,Mityashev,jmityashev16@nifty.com,Genderfluid,108.49.94.61,7260,Room 833,9/8/2022
44,Rockwell,Trematick,rtrematick17@independent.co.uk,Male,131.221.247.161,4733,6th Floor,7/17/2022
45,Ailyn,Fearenside,afearenside18@soup.io,Female,128.25.198.100,3309,Apt 63,9/13/2022
46,Darrick,Lamplough,dlamplough19@usnews.com,Male,32.251.13.29,3779,Apt 1354,4/2/2023
47,Raven,Bofield,rbofield1a@booking.com,Female,122.252.157.165,8642,PO Box 38608,7/13/2022
48,Callean,Furzey,cfurzey1b@devhub.com,Male,187.229.147.38,9031,20th Floor,3/22/2023
49,Cody,Bradnum,cbradnum1c@engadget.com,Male,54.224.192.127,5296,PO Box 5214,12/23/2022
50,Roseline,Rozier,rrozier1d@forbes.com,Female,104.42.9.152,4473,Room 1765,4/1/2023
51,Clerissa,Keirl,ckeirl1e@tumblr.com,Female,29.26.200.215,8127,Room 1473,10/5/2022
52,Pavia,Roffey,proffey1f@hexun.com,Female,189.226.27.223,5207,Suite 24,4/7/2022
53,Putnam,Gieraths,pgieraths1g@mozilla.com,Male,121.128.69.162,3637,Apt 1194,7/31/2022
54,Simona,Harman,sharman1h@sbwire.com,Female,77.246.81.21,3617,Suite 63,3/17/2023
55,Alfy,Eardley,aeardley1i@netvibes.com,Female,176.14.62.124,7138,4th Floor,3/20/2023
56,Meghann,Iredale,miredale1j@naver.com,Polygender,48.226.22.253,2766,Apt 902,12/14/2022
57,Elberta,Lagadu,elagadu1k@washingtonpost.com,Female,9.171.85.49,5505,Room 819,4/12/2022
58,Arlee,Acosta,aacosta1l@last.fm,Female,136.57.97.215,8107,Suite 15,12/29/2022
59,Celisse,Dykins,cdykins1m@youtu.be,Polygender,15.178.145.93,4570,3rd Floor,4/3/2023
60,Magdalen,Heynen,mheynen1n@ameblo.jp,Female,194.211.22.223,5566,5th Floor,9/2/2022
61,Minni,Basini-Gazzi,mbasinigazzi1o@angelfire.com,Female,196.45.101.216,8413,Room 1883,3/30/2023
62,Vivie,Hanton,vhanton1p@wunderground.com,Female,193.124.193.219,5205,Room 1796,2/18/2023
63,Beitris,Morat,bmorat1q@state.tx.us,Genderfluid,105.116.216.65,2840,Apt 1965,5/10/2022
64,Sibbie,Boland,sboland1r@acquirethisname.com,Female,25.207.238.41,2898,Room 932,11/24/2022
65,Lion,Upham,lupham1s@vk.com,Male,247.174.17.91,9048,Apt 1930,6/15/2022
66,Dynah,Andrewartha,dandrewartha1t@prweb.com,Female,38.4.246.7,4667,Apt 682,10/9/2022
67,Lisa,Davenport,ldavenport1u@aol.com,Female,50.102.176.57,7547,Room 298,8/20/2022
68,George,Jedrachowicz,gjedrachowicz1v@histats.com,Male,80.176.9.106,8189,PO Box 43417,7/26/2022
69,Shannah,Greenhouse,sgreenhouse1w@china.com.cn,Female,203.164.174.96,4468,Suite 92,9/30/2022
70,Knox,Whitefoot,kwhitefoot1x@msn.com,Male,77.141.75.145,1315,16th Floor,4/9/2022
71,Tully,Spridgen,tspridgen1y@cnet.com,Male,26.57.127.41,5323,PO Box 8257,8/13/2022
72,Buddy,Swann,bswann1z@shutterfly.com,Male,230.188.79.196,3089,9th Floor,4/24/2022
73,Annabela,Maldin,amaldin20@digg.com,Female,72.208.48.84,5512,Suite 75,9/5/2022
74,Annetta,Raithmill,araithmill21@google.com.br,Female,174.219.104.125,4166,Room 428,1/18/2023
75,Hamlin,Bracken,hbracken22@cafepress.com,Male,110.183.10.201,4745,11th Floor,8/3/2022
76,Wynn,Babber,wbabber23@nationalgeographic.com,Male,163.142.149.24,3672,PO Box 83490,10/29/2022
77,Adriane,Spier,aspier24@uol.com.br,Female,195.63.179.13,5518,Apt 40,3/24/2023
78,Smitty,Itskovitz,sitskovitz25@twitpic.com,Male,76.121.248.176,9589,Apt 1735,12/24/2022
79,Lloyd,Mines,lmines26@nytimes.com,Male,209.153.150.110,3178,Apt 1893,9/2/2022
80,Keane,Darrigone,kdarrigone27@delicious.com,Male,146.64.121.39,3119,Room 845,7/7/2022
81,Heriberto,Schmuhl,hschmuhl28@list-manage.com,Male,42.36.234.24,9565,Suite 26,1/2/2023
82,Cos,Dionis,cdionis29@ucoz.ru,Male,123.212.207.31,6089,Suite 39,7/24/2022
83,Elane,Roistone,eroistone2a@gravatar.com,Female,92.55.84.78,8237,Apt 1926,1/22/2023
84,Krishna,Flacknell,kflacknell2b@sourceforge.net,Male,170.23.185.240,1055,PO Box 3151,1/4/2023
85,Mickie,Coning,mconing2c@blogs.com,Female,118.48.221.95,7784,Apt 1847,4/7/2022
86,Galvan,Dand,gdand2d@ow.ly,Male,233.103.66.239,1473,Suite 59,4/29/2022
87,Gertruda,Dinsell,gdinsell2e@bing.com,Non-binary,160.13.72.179,7308,Suite 52,5/14/2022
88,Alison,Ivanshintsev,aivanshintsev2f@google.ca,Female,235.173.90.58,5508,PO Box 28459,1/9/2023
89,Estrella,Inseal,einseal2g@ftc.gov,Female,50.207.135.187,5914,PO Box 24735,9/20/2022
90,Verine,Grichukhin,vgrichukhin2h@vistaprint.com,Polygender,113.41.59.130,2381,Suite 57,8/6/2022
91,Darin,Morrill,dmorrill2i@opensource.org,Male,164.27.190.173,2762,PO Box 60163,6/25/2022
92,Aurea,Curtin,acurtin2j@nps.gov,Female,190.232.33.198,7975,Room 100,8/24/2022
93,Cherice,Pues,cpues2k@facebook.com,Female,75.138.184.177,5624,PO Box 31609,9/9/2022
94,Filmore,Batiste,fbatiste2l@quantcast.com,Male,210.99.249.197,1211,Suite 55,11/4/2022
95,Mickey,Skeech,mskeech2m@themeforest.net,Bigender,237.82.149.141,3016,Apt 652,8/30/2022
96,Frazer,Hradsky,fhradsky2n@un.org,Male,232.219.197.193,8850,Apt 1897,7/18/2022
97,Stillman,Ebbett,sebbett2o@chronoengine.com,Male,203.159.27.145,3122,Apt 1807,4/6/2022
98,Kiah,Oldman,koldman2p@harvard.edu,Female,153.219.148.151,3410,4th Floor,8/6/2022
99,Nancy,Tallquist,ntallquist2q@paypal.com,Female,148.197.176.27,6858,Room 807,7/10/2022
100,Celinda,Shellard,cshellard2r@xing.com,Female,176.56.159.186,1927,PO Box 87750,7/14/2022
101,Herculie,Rodenborch,hrodenborch2s@pagesperso-orange.fr,Male,252.115.214.181,5314,Apt 1750,5/4/2022
102,Ahmad,McRamsey,amcramsey2t@digg.com,Male,32.253.67.197,4680,Suite 75,9/18/2022
103,Eva,Eacle,eeacle2u@cbc.ca,Female,61.0.56.229,2818,Apt 575,1/2/2023
104,Maddi,Newham,mnewham2v@utexas.edu,Female,121.158.2.155,4139,Room 185,8/14/2022
105,Jamison,Spir,jspir2w@themeforest.net,Male,159.134.73.241,9565,Room 1562,6/4/2022
106,Daryl,Turfrey,dturfrey2x@microsoft.com,Male,67.106.229.194,1426,PO Box 45686,10/19/2022
107,Selina,Batrop,sbatrop2y@jalbum.net,Female,118.121.213.71,6815,Suite 64,4/22/2022
108,Cathi,Hoxey,choxey2z@webmd.com,Female,29.188.128.211,7321,Apt 532,9/14/2022
109,Roderich,West-Frimley,rwestfrimley30@slate.com,Male,217.61.2.52,9475,PO Box 25823,11/2/2022
110,Riva,Shilito,rshilito31@vinaora.com,Bigender,224.117.224.58,5422,Apt 576,9/1/2022
111,Farr,McCawley,fmccawley32@last.fm,Male,70.147.153.254,6161,7th Floor,6/13/2022
112,Felice,Caddy,fcaddy33@eventbrite.com,Female,39.77.127.0,8280,PO Box 43981,3/31/2023
113,Maddie,Elward,melward34@home.pl,Female,158.171.89.252,6452,1st Floor,3/3/2023
114,Albertine,Sterling,asterling35@kickstarter.com,Female,92.156.50.160,3553,Suite 25,5/10/2022
115,Kayne,Hymers,khymers36@privacy.gov.au,Male,44.251.197.166,5377,17th Floor,7/28/2022
116,Simona,O'Lynn,solynn37@dion.ne.jp,Female,121.76.128.154,2377,Room 1180,11/5/2022
117,Theobald,Keunemann,tkeunemann38@privacy.gov.au,Male,114.196.50.136,5559,Apt 1489,8/8/2022
118,Bunnie,McCartan,bmccartan39@springer.com,Female,187.82.97.94,4138,2nd Floor,8/13/2022
119,Ricky,Tytterton,rtytterton3a@uiuc.edu,Male,201.124.1.139,9692,Suite 58,6/30/2022
120,Erinn,Montel,emontel3b@livejournal.com,Genderfluid,247.214.96.156,4082,PO Box 43809,12/30/2022
121,Etta,Humpherson,ehumpherson3c@moonfruit.com,Female,250.212.148.1,9963,PO Box 8561,8/22/2022
122,Dorita,Kilford,dkilford3d@mozilla.com,Genderfluid,14.217.115.231,8044,Apt 1137,3/22/2023
123,Giffie,Iacovacci,giacovacci3e@ezinearticles.com,Male,246.90.89.212,8446,13th Floor,1/14/2023
124,Dal,Bilovsky,dbilovsky3f@imgur.com,Male,160.111.73.116,8660,PO Box 55287,9/17/2022
125,Frederigo,Costin,fcostin3g@pen.io,Male,78.4.54.15,5141,PO Box 63424,6/19/2022
126,Cornell,Colquhoun,ccolquhoun3h@psu.edu,Male,137.178.5.20,5568,PO Box 47362,1/3/2023
127,Christabella,Hasser,chasser3i@soundcloud.com,Female,49.53.10.2,7267,Suite 52,9/25/2022
128,Evanne,Braisher,ebraisher3j@yellowbook.com,Female,235.181.206.176,9396,Suite 1,1/19/2023
129,Farrah,Hawkett,fhawkett3k@naver.com,Female,52.41.89.141,1987,Room 1741,7/18/2022
130,Marketa,Huetson,mhuetson3l@vkontakte.ru,Female,151.178.42.202,3910,PO Box 91307,1/6/2023
131,Alasteir,Blakesley,ablakesley3m@bing.com,Male,190.77.193.106,9652,PO Box 28020,1/13/2023
132,Viviene,Frantsev,vfrantsev3n@wunderground.com,Female,110.55.21.161,5989,Apt 1004,8/24/2022
133,Orelee,Cool,ocool3o@abc.net.au,Female,203.203.2.158,6427,Room 125,8/12/2022
134,Ringo,Stenning,rstenning3p@bigcartel.com,Male,5.242.236.116,1722,Suite 95,6/28/2022
135,Janaye,Lambrechts,jlambrechts3q@taobao.com,Female,125.20.21.151,8518,Room 1430,6/17/2022
136,Allyce,Sexty,asexty3r@flavors.me,Female,87.28.97.228,5553,PO Box 19205,5/10/2022
137,Giffie,Tinmouth,gtinmouth3s@wordpress.org,Male,165.131.145.255,6951,Room 1255,12/15/2022
138,Meris,Chasteney,mchasteney3t@tripadvisor.com,Female,207.211.208.67,3193,8th Floor,10/3/2022
139,Austine,Mourton,amourton3u@about.com,Female,98.162.103.120,3464,5th Floor,3/17/2023
140,Clarine,Klimes,cklimes3v@columbia.edu,Female,219.222.78.220,4689,Suite 28,2/7/2023
141,Min,McArley,mmcarley3w@prweb.com,Polygender,138.72.185.156,3779,7th Floor,4/12/2022
142,Dugald,Spoole,dspoole3x@hostgator.com,Male,3.125.64.59,5872,PO Box 27033,11/26/2022
143,Gerick,Sollowaye,gsollowaye3y@java.com,Male,162.122.31.153,2698,PO Box 37346,5/11/2022
144,Ignacio,Cathel,icathel3z@cloudflare.com,Genderfluid,99.243.231.233,7624,Room 1290,12/3/2022
145,Ofilia,Fawdrie,ofawdrie40@typepad.com,Female,205.30.40.183,9886,Suite 84,6/14/2022
146,Murdock,Heakins,mheakins41@indiatimes.com,Male,201.59.181.200,8339,Suite 63,1/17/2023
147,Ignacio,Osmint,iosmint42@yellowbook.com,Male,80.235.45.27,5239,Suite 63,5/6/2022
148,Chadd,Odda,codda43@oaic.gov.au,Male,27.53.63.248,4426,Apt 1881,2/14/2023
149,Micheal,Indruch,mindruch44@blinklist.com,Male,73.225.243.157,3635,PO Box 98151,10/11/2022
150,Conway,Yackiminie,cyackiminie45@spotify.com,Male,96.105.135.43,6181,PO Box 11256,9/12/2022
151,Halley,Hemphrey,hhemphrey46@java.com,Genderfluid,60.96.34.133,8505,Suite 93,1/1/2023
152,Giovanna,Cammoile,gcammoile47@va.gov,Female,229.38.20.38,1792,1st Floor,11/4/2022
153,Rakel,Bolitho,rbolitho48@ft.com,Female,0.244.47.155,6392,Suite 14,11/19/2022
154,Mayer,Bauman,mbauman49@wikia.com,Male,67.147.33.254,6061,Room 538,6/6/2022
155,Cherianne,Dicks,cdicks4a@tripod.com,Female,138.126.95.174,3042,Apt 1157,2/22/2023
156,Yovonnda,McGougan,ymcgougan4b@bravesites.com,Genderqueer,18.168.120.91,5432,Room 165,6/30/2022
157,Allard,Thunder,athunder4c@smh.com.au,Male,148.254.34.19,2377,Suite 90,6/1/2022
158,L;urette,Napper,lnapper4d@narod.ru,Female,54.24.83.200,5613,PO Box 15980,1/31/2023
159,Quintana,Stockley,qstockley4e@amazon.co.uk,Female,15.241.49.91,3333,PO Box 10141,12/19/2022
160,Tony,Dillon,tdillon4f@statcounter.com,Male,49.195.229.124,2150,19th Floor,4/20/2022
161,Hanny,Olohan,holohan4g@wufoo.com,Female,211.144.196.110,3401,Suite 64,1/8/2023
162,Pierette,Bonnick,pbonnick4h@tripod.com,Female,190.178.224.56,5190,Apt 1745,10/30/2022
163,Torey,Renhard,trenhard4i@buzzfeed.com,Female,195.161.70.37,6091,PO Box 65156,1/5/2023
164,Andrei,Clifft,aclifft4j@go.com,Female,254.18.213.55,7762,Suite 7,12/18/2022
165,Pepe,Van Baaren,pvanbaaren4k@lulu.com,Male,200.151.28.66,1988,Suite 92,3/1/2023
166,Peirce,McCarrick,pmccarrick4l@privacy.gov.au,Male,129.248.115.65,5671,17th Floor,12/3/2022
167,Marchall,McGinlay,mmcginlay4m@eventbrite.com,Male,101.157.70.230,4154,Room 1557,9/12/2022
168,Brnaby,Bris,bbris4n@123-reg.co.uk,Male,213.205.56.130,4623,Room 965,11/12/2022
169,Rhiamon,Tradewell,rtradewell4o@macromedia.com,Female,252.176.208.188,2416,6th Floor,11/5/2022
170,Hermine,O'Kinneally,hokinneally4p@yahoo.co.jp,Female,194.95.54.179,8335,PO Box 87211,9/9/2022
171,Willi,Forlong,wforlong4q@wisc.edu,Female,232.206.241.87,1671,Room 455,3/24/2023
172,Matthieu,Malser,mmalser4r@hp.com,Male,112.97.254.208,7460,Suite 60,1/18/2023
173,Christy,Hebborne,chebborne4s@nature.com,Female,237.129.47.223,7809,Suite 59,4/23/2022
174,Valerie,Wills,vwills4t@home.pl,Female,245.0.249.106,9465,15th Floor,3/27/2023
175,Bartholemy,Kensit,bkensit4u@constantcontact.com,Male,126.7.96.10,1693,Room 1020,11/3/2022
176,Margaret,Meriel,mmeriel4v@addthis.com,Female,9.195.185.135,6894,Room 1143,7/4/2022
177,Riki,Ivic,rivic4w@canalblog.com,Female,193.109.220.38,6381,Apt 1348,6/21/2022
178,Lida,Safont,lsafont4x@amazonaws.com,Female,17.54.29.10,6275,Room 505,7/24/2022
179,Scarlet,Hatchell,shatchell4y@addthis.com,Female,40.49.119.72,3429,Room 1092,8/27/2022
180,Giuditta,Giddens,ggiddens4z@php.net,Female,162.50.60.38,7977,7th Floor,9/25/2022
181,Maia,Landell,mlandell50@pagesperso-orange.fr,Female,139.88.52.116,9181,Suite 97,11/17/2022
182,Amalea,Pattinson,apattinson51@boston.com,Female,127.62.236.193,4704,Apt 809,10/25/2022
183,Clemente,Heiden,cheiden52@cloudflare.com,Male,174.229.85.22,2277,PO Box 57016,8/31/2022
184,Enoch,Vaggs,evaggs53@aol.com,Male,167.166.199.197,1811,PO Box 98633,2/5/2023
185,Hasty,Diglin,hdiglin54@blogtalkradio.com,Male,116.195.165.29,6994,PO Box 51690,3/1/2023
186,Dana,Ruppertz,druppertz55@forbes.com,Female,38.147.162.16,1397,Room 1113,11/28/2022
187,Brietta,Blazejewski,bblazejewski56@sciencedirect.com,Female,253.19.118.209,2879,10th Floor,8/26/2022
188,Ynes,Rubbens,yrubbens57@hc360.com,Female,88.195.175.138,2781,8th Floor,12/1/2022
189,De witt,Chorley,dchorley58@paypal.com,Male,52.222.177.15,8703,PO Box 86389,7/27/2022
190,Gratiana,Devenish,gdevenish59@t-online.de,Genderqueer,28.111.161.134,6980,7th Floor,12/12/2022
191,Bradney,Biddle,bbiddle5a@elegantthemes.com,Male,86.200.86.202,3510,Apt 518,12/31/2022
192,Brice,Nilles,bnilles5b@springer.com,Male,90.25.118.148,1123,19th Floor,2/18/2023
193,Lombard,Poe,lpoe5c@mapquest.com,Male,218.174.91.177,7710,7th Floor,4/21/2022
194,Glendon,Swinn,gswinn5d@google.it,Male,9.149.215.243,4055,PO Box 26273,5/20/2022
195,Tansy,Perkin,tperkin5e@epa.gov,Female,93.106.121.78,9251,PO Box 44459,9/9/2022
196,Karlens,Melesk,kmelesk5f@printfriendly.com,Male,77.101.92.103,3865,6th Floor,5/3/2022
197,Aurea,Dressel,adressel5g@tumblr.com,Female,6.248.202.101,5909,9th Floor,8/10/2022
198,Andre,Ciccoloi,aciccoloi5h@fotki.com,Male,65.178.71.181,5240,PO Box 57805,8/11/2022
199,Elisabet,Larking,elarking5i@webmd.com,Female,123.20.53.135,9997,PO Box 36409,2/1/2023
200,Hugues,Howie,hhowie5j@ning.com,Male,158.107.157.134,5167,Apt 1723,6/24/2022
201,Tadeo,Chidler,tchidler5k@devhub.com,Male,181.45.2.172,9406,Suite 25,9/10/2022
202,Opalina,Horbart,ohorbart5l@linkedin.com,Female,106.129.51.143,4484,10th Floor,12/2/2022
203,Prue,Game,pgame5m@tinypic.com,Female,104.176.247.230,2836,Suite 27,10/10/2022
204,Riley,Sisselot,rsisselot5n@jugem.jp,Male,197.8.114.222,5150,Room 1779,9/22/2022
205,Marmaduke,Chesser,mchesser5o@so-net.ne.jp,Male,88.85.133.211,7209,Suite 29,8/7/2022
206,Shermie,Lyles,slyles5p@nih.gov,Male,116.42.229.122,3987,PO Box 25984,6/2/2022
207,Alberta,MacGragh,amacgragh5q@cnn.com,Female,40.12.64.232,7548,9th Floor,12/6/2022
208,Milt,Benley,mbenley5r@slashdot.org,Male,250.72.145.113,3232,9th Floor,1/9/2023
209,Hailey,Allenson,hallenson5s@plala.or.jp,Male,251.209.221.100,1871,Apt 1798,2/17/2023
210,Homerus,Berrington,hberrington5t@mapy.cz,Male,123.123.0.148,2682,Suite 68,1/3/2023
211,Ruthi,Knowler,rknowler5u@free.fr,Female,21.231.187.46,3170,PO Box 8676,11/11/2022
212,Fonsie,D'Alessio,fdalessio5v@walmart.com,Male,45.189.219.132,8002,PO Box 64334,4/10/2022
213,Rana,Baal,rbaal5w@vinaora.com,Female,95.145.16.215,1978,20th Floor,2/4/2023
214,Konstantine,Rudgard,krudgard5x@flavors.me,Male,211.195.26.194,1293,Room 1181,2/23/2023
215,Dalenna,Matteoni,dmatteoni5y@adobe.com,Female,201.145.191.81,4647,Suite 93,11/26/2022
216,Elisabet,Toping,etoping5z@bloglovin.com,Female,211.109.155.138,4437,Apt 457,11/7/2022
217,Betsey,Smead,bsmead60@gravatar.com,Female,46.122.172.29,1991,5th Floor,12/6/2022
218,Lyda,Gallant,lgallant61@webmd.com,Female,143.195.151.192,3139,Room 635,8/8/2022
219,Catlee,Davidovsky,cdavidovsky62@boston.com,Female,6.232.184.58,2696,Apt 1377,10/25/2022
220,Duffie,Bednell,dbednell63@google.com.hk,Male,255.90.252.234,3716,11th Floor,8/12/2022
221,Ly,Odeson,lodeson64@canalblog.com,Male,253.176.234.56,2024,Suite 84,11/29/2022
222,Sayres,Berrington,sberrington65@amazon.com,Male,170.107.204.197,6976,Room 1124,1/31/2023
223,Kimberli,Whiskin,kwhiskin66@constantcontact.com,Female,160.17.174.122,9236,Room 1694,9/30/2022
224,Willa,Cockroft,wcockroft67@furl.net,Female,167.16.92.92,3946,Suite 43,5/10/2022
225,Ursulina,Cossom,ucossom68@psu.edu,Female,40.27.54.117,8093,Apt 1342,2/20/2023
226,Hakeem,Kyte,hkyte69@surveymonkey.com,Male,4.227.196.220,9181,PO Box 8174,3/28/2023
227,Willi,Robertacci,wrobertacci6a@blogs.com,Female,107.247.255.86,9628,Suite 31,6/29/2022
228,Bibi,Korba,bkorba6b@washingtonpost.com,Female,6.251.117.82,9847,Suite 55,11/9/2022
229,Susanne,Strang,sstrang6c@prlog.org,Female,22.103.59.182,7665,Apt 168,5/10/2022
230,Aggie,Caldron,acaldron6d@livejournal.com,Female,228.50.152.90,4282,Room 1584,2/18/2023
231,Aylmer,Ruslinge,aruslinge6e@earthlink.net,Male,206.128.61.77,7010,Suite 61,12/1/2022
232,Idette,Fippe,ifippe6f@chicagotribune.com,Female,107.233.88.115,2018,Suite 5,11/24/2022
233,Marita,Ulyat,mulyat6g@discovery.com,Female,130.223.157.103,2392,Apt 1037,5/7/2022
234,Arley,Shepton,ashepton6h@sakura.ne.jp,Male,110.160.154.62,7247,2nd Floor,12/21/2022
235,Adolphe,Tebald,atebald6i@elegantthemes.com,Genderfluid,79.76.237.113,6471,PO Box 15098,3/21/2023
236,Dianne,Deppe,ddeppe6j@tmall.com,Female,208.103.84.170,2363,11th Floor,3/23/2023
237,Viviana,Carl,vcarl6k@vk.com,Female,86.193.164.153,5719,16th Floor,5/8/2022
238,Irvin,Gascard,igascard6l@etsy.com,Male,65.130.152.196,6067,5th Floor,11/27/2022
239,Barron,Thorold,bthorold6m@wsj.com,Male,234.154.209.9,9295,Room 765,5/16/2022
240,Winthrop,Corradetti,wcorradetti6n@meetup.com,Male,28.244.69.90,7654,Apt 678,4/2/2023
241,Frans,Slowey,fslowey6o@mit.edu,Male,57.133.161.18,9909,PO Box 84600,1/29/2023
242,Birdie,Ogle,bogle6p@pen.io,Female,100.163.176.206,6097,Suite 87,6/20/2022
243,Feliks,Mum,fmum6q@alexa.com,Male,41.76.108.220,5164,Suite 44,9/26/2022
244,Jess,Wantling,jwantling6r@google.es,Male,62.44.174.92,2138,PO Box 27290,2/17/2023
245,Web,Tettley,wtettley6s@a8.net,Male,179.227.98.113,5183,Apt 1080,10/17/2022
246,Leonanie,Copas,lcopas6t@wordpress.com,Female,153.178.129.197,2324,PO Box 37656,3/10/2023
247,Nonie,Ewing,newing6u@nature.com,Female,186.10.28.101,7768,PO Box 12880,5/31/2022
248,Jason,Squelch,jsquelch6v@so-net.ne.jp,Bigender,9.158.146.118,9950,Apt 847,5/16/2022
249,Blanca,Coller,bcoller6w@themeforest.net,Female,208.107.45.202,4941,Room 1390,3/3/2023
250,Loree,Gillitt,lgillitt6x@umich.edu,Female,34.217.246.52,8335,PO Box 71619,5/15/2022
251,Tiler,Osinin,tosinin6y@state.gov,Male,59.178.182.181,7001,PO Box 75943,11/19/2022
252,Ernie,Cuzen,ecuzen6z@jalbum.net,Male,176.80.53.252,7046,3rd Floor,2/8/2023
253,Carolynn,Donwell,cdonwell70@sciencedaily.com,Female,135.5.240.161,7934,PO Box 2013,3/15/2023
254,Ali,Poynor,apoynor71@foxnews.com,Female,189.59.25.68,8242,7th Floor,12/15/2022
255,Kandace,Inchcomb,kinchcomb72@craigslist.org,Female,161.89.18.12,1860,Suite 33,6/10/2022
256,Ainslie,McNaught,amcnaught73@linkedin.com,Female,88.75.197.150,1066,Room 1202,6/7/2022
257,Wilton,Wann,wwann74@psu.edu,Male,147.8.169.162,8288,Suite 31,1/16/2023
258,Cornall,Riteley,criteley75@last.fm,Male,198.238.121.55,7924,Apt 1676,11/18/2022
259,Melodie,Janic,mjanic76@sohu.com,Genderfluid,163.51.246.113,4110,18th Floor,7/3/2022
260,Donnie,Riditch,driditch77@multiply.com,Male,242.75.157.241,5418,20th Floor,10/27/2022
261,Clarette,Worsell,cworsell78@tiny.cc,Female,48.145.80.122,5413,16th Floor,12/11/2022
262,Valerie,O'Cannon,vocannon79@infoseek.co.jp,Female,98.22.82.71,7414,Room 1823,8/23/2022
263,Angeli,Searchwell,asearchwell7a@wikipedia.org,Male,253.5.104.204,9807,Apt 1242,9/8/2022
264,Olia,Crowe,ocrowe7b@github.io,Female,17.9.69.110,5499,Room 1864,11/13/2022
265,Guillaume,Gilbertson,ggilbertson7c@samsung.com,Male,127.233.248.168,8650,Apt 1730,7/6/2022
266,Damara,Halling,dhalling7d@sciencedirect.com,Female,115.44.231.215,4614,Apt 1098,3/1/2023
267,Jemie,Croutear,jcroutear7e@hatena.ne.jp,Female,8.212.70.11,1526,Suite 48,2/7/2023
268,Merle,Fursland,mfursland7f@oakley.com,Female,9.18.160.44,9645,PO Box 76387,2/6/2023
269,Clareta,Maybey,cmaybey7g@amazon.de,Agender,222.94.198.64,5691,19th Floor,2/7/2023
270,Dierdre,Crocket,dcrocket7h@ameblo.jp,Female,252.159.85.1,8204,Suite 76,6/25/2022
271,Chalmers,Joist,cjoist7i@tinyurl.com,Male,90.223.236.19,1844,Room 1459,11/4/2022
272,Reta,Longley,rlongley7j@java.com,Female,33.154.155.163,1153,9th Floor,4/7/2022
273,Allyn,Roser,aroser7k@lulu.com,Male,174.132.216.179,4810,5th Floor,10/2/2022
274,Cordey,Hughson,chughson7l@woothemes.com,Female,223.199.200.146,3132,Room 1227,9/6/2022
275,Davine,Vertigan,dvertigan7m@skype.com,Female,133.65.134.83,3705,Apt 1476,1/19/2023
276,Nicolle,Yannikov,nyannikov7n@msn.com,Female,190.53.9.177,8511,Apt 1806,8/2/2022
277,Yoshi,Milne,ymilne7o@quantcast.com,Female,233.204.227.93,6781,PO Box 60331,2/1/2023
278,Alaster,Hasloch,ahasloch7p@smh.com.au,Male,142.204.130.168,6621,PO Box 82253,10/18/2022
279,Van,Woolens,vwoolens7q@loc.gov,Male,213.254.248.238,8130,Suite 21,8/27/2022
280,Katleen,Duran,kduran7r@bluehost.com,Female,162.153.36.212,6039,Room 813,1/24/2023
281,Clare,Wakeham,cwakeham7s@newyorker.com,Male,37.56.41.13,5371,PO Box 34938,11/22/2022
282,Thain,Pinn,tpinn7t@simplemachines.org,Male,95.110.20.92,7820,Room 268,4/25/2022
283,Ericha,Keoghan,ekeoghan7u@wufoo.com,Female,6.207.103.250,4458,Apt 1373,6/14/2022
284,Tracie,Gudde,tgudde7v@4shared.com,Female,233.4.35.2,1037,7th Floor,7/20/2022
285,Shem,Kemitt,skemitt7w@drupal.org,Male,60.19.183.75,6339,Apt 1005,6/4/2022
286,Pauly,Grigori,pgrigori7x@privacy.gov.au,Male,87.210.170.42,3666,Room 576,11/13/2022
287,Tiffie,Snartt,tsnartt7y@harvard.edu,Female,182.127.174.27,4780,PO Box 44761,6/20/2022
288,Husein,Bogies,hbogies7z@ehow.com,Male,105.105.184.148,8986,Apt 1462,10/24/2022
289,Donica,Olle,dolle80@technorati.com,Female,78.102.216.121,8611,19th Floor,8/3/2022
290,Sid,Stelfox,sstelfox81@last.fm,Male,16.2.210.188,6156,Room 1670,9/6/2022
291,Mahala,Wreight,mwreight82@is.gd,Female,158.118.84.195,2411,Room 472,11/29/2022
292,Orton,Carnson,ocarnson83@sina.com.cn,Male,167.0.92.234,4559,10th Floor,7/24/2022
293,Marney,Tonepohl,mtonepohl84@qq.com,Female,201.105.100.158,6413,Suite 53,1/26/2023
294,Veronike,Handrahan,vhandrahan85@symantec.com,Female,51.22.175.84,7028,Room 1222,1/21/2023
295,Rabi,Worgan,rworgan86@soup.io,Male,155.79.61.145,4506,Suite 53,10/27/2022
296,Darryl,Loughhead,dloughhead87@xinhuanet.com,Male,83.107.246.145,8148,17th Floor,4/1/2023
297,Teri,Franzotto,tfranzotto88@smh.com.au,Polygender,9.44.214.142,6375,Room 1448,5/1/2022
298,Merola,Heugel,mheugel89@purevolume.com,Genderfluid,202.174.2.221,6357,Room 1552,11/22/2022
299,Elna,Pattillo,epattillo8a@msu.edu,Female,136.151.99.125,2202,Apt 1558,9/29/2022
300,Hiram,Padgham,hpadgham8b@paginegialle.it,Male,232.50.41.49,5086,Room 1015,10/22/2022
301,Jena,Churchley,jchurchley8c@ocn.ne.jp,Female,168.253.224.131,8110,Room 1497,12/16/2022
302,Chryste,Lages,clages8d@independent.co.uk,Female,107.97.149.106,4440,17th Floor,11/16/2022
303,Buiron,Alflat,balflat8e@smh.com.au,Male,80.205.121.26,9919,Apt 574,1/12/2023
304,Hakim,Fraanchyonok,hfraanchyonok8f@squidoo.com,Male,198.123.32.181,8244,9th Floor,11/22/2022
305,Lisette,Yule,lyule8g@arizona.edu,Female,95.42.154.30,8125,Room 1372,1/19/2023
306,Dorise,Mirando,dmirando8h@xrea.com,Female,137.148.55.105,4440,PO Box 32975,8/13/2022
307,Lorianne,McElwee,lmcelwee8i@sun.com,Female,156.231.131.118,6956,Room 335,12/9/2022
308,Gerik,McKeachie,gmckeachie8j@cdc.gov,Male,100.166.62.58,1392,Room 1959,2/14/2023
309,Any,Unwins,aunwins8k@reverbnation.com,Genderqueer,28.90.118.35,2384,PO Box 78572,12/10/2022
310,Dalli,Russi,drussi8l@engadget.com,Male,12.87.53.187,1970,PO Box 17787,9/12/2022
311,Gayler,Gellion,ggellion8m@cloudflare.com,Male,197.139.99.122,5419,Suite 41,1/5/2023
312,Natala,Ilyin,nilyin8n@yellowbook.com,Agender,46.255.243.246,5376,Apt 820,2/18/2023
313,Erasmus,Hayton,ehayton8o@mlb.com,Male,102.200.160.88,1034,Apt 1987,5/28/2022
314,Hunfredo,MacMechan,hmacmechan8p@myspace.com,Male,69.117.215.99,8163,11th Floor,10/23/2022
315,Clerissa,Colbourn,ccolbourn8q@google.com.br,Female,255.64.4.67,9546,Apt 1816,6/15/2022
316,Marika,Yitzhok,myitzhok8r@aboutads.info,Female,87.25.25.202,4210,Suite 55,12/28/2022
317,Devlin,Liebermann,dliebermann8s@patch.com,Male,223.181.134.172,5115,Suite 47,2/24/2023
318,Darren,Inglish,dinglish8t@yellowbook.com,Male,251.167.255.140,6585,Apt 1889,12/19/2022
319,Peggie,Ungerechts,pungerechts8u@dyndns.org,Female,13.78.154.103,8791,17th Floor,9/27/2022
320,Jacobo,Villaret,jvillaret8v@uol.com.br,Male,69.83.137.210,5128,Room 247,5/8/2022
321,Vladimir,Hoggins,vhoggins8w@cisco.com,Male,134.16.180.30,6076,4th Floor,4/21/2022
322,Allister,Mugridge,amugridge8x@homestead.com,Male,192.196.98.106,4656,9th Floor,4/6/2022
323,Leigh,Battman,lbattman8y@businesswire.com,Female,15.21.209.72,8568,PO Box 13186,11/13/2022
324,Rana,Serfati,rserfati8z@ca.gov,Non-binary,68.144.73.232,1604,17th Floor,6/17/2022
325,Kirstyn,MacFarlan,kmacfarlan90@soundcloud.com,Female,197.164.234.146,8307,Suite 1,6/17/2022
326,Ilario,Moss,imoss91@nytimes.com,Non-binary,250.103.80.168,2323,Suite 64,4/11/2022
327,Muriel,McNirlan,mmcnirlan92@boston.com,Female,50.81.163.245,5053,Suite 86,11/1/2022
328,Jehu,Kubica,jkubica93@xrea.com,Male,253.144.167.150,3649,Suite 80,7/20/2022
329,Noam,Kornes,nkornes94@pen.io,Male,159.102.207.39,1718,Apt 252,9/18/2022
330,Traver,Claypool,tclaypool95@acquirethisname.com,Male,1.200.86.56,9284,Apt 561,1/11/2023
331,Peggy,Gethouse,pgethouse96@irs.gov,Female,143.97.124.172,3663,Room 1745,1/23/2023
332,Harlie,Grivori,hgrivori97@purevolume.com,Female,83.199.125.17,5109,Suite 66,12/5/2022
333,Brocky,Gianneschi,bgianneschi98@answers.com,Non-binary,144.70.27.228,1386,PO Box 27216,5/30/2022
334,Taddeo,Glynne,tglynne99@tripod.com,Male,32.105.181.99,4580,Apt 1234,12/4/2022
335,Gordie,Ayres,gayres9a@google.com.au,Male,128.247.43.148,3234,PO Box 66697,6/15/2022
336,Algernon,Howman,ahowman9b@mac.com,Genderfluid,156.245.74.74,2208,Apt 1386,9/20/2022
337,Kandace,Towson,ktowson9c@w3.org,Agender,165.124.23.31,1117,Apt 851,9/28/2022
338,Evonne,Abele,eabele9d@yolasite.com,Female,34.166.222.67,4287,Room 59,4/11/2022
339,Whitney,Faley,wfaley9e@weather.com,Agender,191.184.46.216,7689,PO Box 44377,10/14/2022
340,Clifford,Lude,clude9f@php.net,Male,7.141.58.89,5951,Room 687,10/6/2022
341,Guss,Liverock,gliverock9g@mysql.com,Male,149.38.1.49,6098,Suite 78,9/2/2022
342,Maisey,Brightie,mbrightie9h@mysql.com,Female,91.94.244.212,6951,Room 1971,4/13/2022
343,Marve,Rubenov,mrubenov9i@baidu.com,Male,145.58.28.48,7818,PO Box 62090,8/5/2022
344,Amandie,MacColl,amaccoll9j@google.co.jp,Female,75.199.124.147,7707,Apt 1703,4/17/2022
345,Silvia,Belfield,sbelfield9k@house.gov,Female,217.104.143.185,9964,Suite 81,8/22/2022
346,Gannie,Tuxill,gtuxill9l@bbb.org,Male,13.56.196.101,8907,Suite 89,7/8/2022
347,Donny,Whitman,dwhitman9m@ucla.edu,Female,73.247.21.120,5184,Apt 1060,12/15/2022
348,Konstance,Gisborne,kgisborne9n@bizjournals.com,Non-binary,56.50.128.135,4226,PO Box 55983,10/18/2022
349,Lizbeth,Thomassen,lthomassen9o@wikispaces.com,Female,175.181.31.133,7835,Suite 55,2/19/2023
350,Nobe,Terbeek,nterbeek9p@google.cn,Male,100.24.24.11,5039,Apt 1009,8/28/2022
351,Kalvin,Self,kself9q@theguardian.com,Male,57.34.69.117,8420,PO Box 70840,7/18/2022
352,Oliviero,Godfray,ogodfray9r@whitehouse.gov,Male,160.187.31.176,8401,Suite 56,11/25/2022
353,Zorine,Druce,zdruce9s@netscape.com,Female,86.208.155.108,9085,PO Box 1771,12/3/2022
354,Myles,Mayhou,mmayhou9t@howstuffworks.com,Male,82.176.33.222,2460,12th Floor,9/18/2022
355,Ewell,Chatband,echatband9u@lulu.com,Male,190.143.5.136,9724,Suite 42,9/20/2022
356,Stanly,Albiston,salbiston9v@bravesites.com,Male,78.171.151.230,5467,18th Floor,2/26/2023
357,Tomas,Pulfer,tpulfer9w@diigo.com,Male,9.106.57.10,8317,11th Floor,5/2/2022
358,Ines,Cockram,icockram9x@unesco.org,Genderqueer,146.207.61.33,8532,Apt 1704,8/27/2022
359,Loni,Whinney,lwhinney9y@qq.com,Genderfluid,229.218.83.232,8947,Room 165,11/23/2022
360,Esteban,Tutchings,etutchings9z@lycos.com,Male,165.68.96.97,9842,Room 1086,1/20/2023
361,Vivyanne,Hixley,vhixleya0@usa.gov,Female,242.44.13.8,5583,Apt 1467,7/29/2022
362,Shay,Pearcy,spearcya1@imageshack.us,Female,32.33.2.48,3200,Room 575,12/25/2022
363,Rafaelia,Scurrer,rscurrera2@ft.com,Female,228.114.97.129,5579,Suite 25,10/15/2022
364,Jenine,Swancock,jswancocka3@merriam-webster.com,Female,18.244.252.40,5524,Room 576,7/27/2022
365,Loraine,Bader,lbadera4@kickstarter.com,Female,217.53.128.50,5245,Room 924,7/1/2022
366,Sol,Bewshaw,sbewshawa5@amazon.de,Male,69.128.88.187,6798,PO Box 90569,12/11/2022
367,Nadya,Ramplee,nrampleea6@nih.gov,Female,77.232.36.239,2670,19th Floor,9/12/2022
368,Quinton,Shipsey,qshipseya7@google.ca,Male,247.197.209.85,9943,Room 1046,9/22/2022
369,Aron,Graysmark,agraysmarka8@telegraph.co.uk,Male,77.114.172.102,1941,Apt 1266,6/21/2022
370,Val,Stansfield,vstansfielda9@com.com,Male,163.201.187.38,5386,Room 535,2/16/2023
371,Otis,Killik,okillikaa@bloglines.com,Male,81.179.22.146,8326,Apt 794,2/11/2023
372,Haleigh,Lavarack,hlavarackab@bing.com,Male,250.133.107.20,8722,Apt 1660,8/8/2022
373,Carr,Henze,chenzeac@ft.com,Male,252.123.167.35,5926,4th Floor,9/23/2022
374,Elizabet,Nelle,enellead@google.it,Female,73.158.139.53,3295,Room 584,10/30/2022
375,Malachi,Kerfoot,mkerfootae@digg.com,Male,71.59.42.56,2590,Suite 53,6/15/2022
376,Ignazio,Kerfut,ikerfutaf@goo.ne.jp,Male,158.179.56.132,7747,17th Floor,2/3/2023
377,Archie,Bernakiewicz,abernakiewiczag@google.com,Male,107.143.95.90,4046,9th Floor,6/25/2022
378,Shannon,Bloor,sbloorah@huffingtonpost.com,Male,122.125.5.5,8126,Suite 72,6/15/2022
379,Arnoldo,Skeldinge,askeldingeai@last.fm,Male,175.48.119.117,7297,PO Box 81035,3/9/2023
380,Marcela,Defau,mdefauaj@businesswire.com,Female,215.108.3.89,7218,PO Box 94598,12/8/2022
381,Sammy,Lowthorpe,slowthorpeak@auda.org.au,Female,15.30.95.51,9113,Apt 847,8/19/2022
382,Conrad,Tutill,ctutillal@bloglines.com,Male,120.176.242.202,6648,PO Box 5571,6/28/2022
383,Chickie,Climie,cclimieam@creativecommons.org,Female,228.84.115.43,8827,Room 508,11/28/2022
384,Rutger,Talman,rtalmanan@patch.com,Male,171.5.99.227,4018,8th Floor,8/19/2022
385,Pinchas,Pomery,ppomeryao@blog.com,Male,137.201.179.0,9375,Apt 794,3/7/2023
386,Tessy,Tourle,ttourleap@upenn.edu,Female,170.208.89.7,2979,Suite 1,4/12/2022
387,Buiron,Suart,bsuartaq@purevolume.com,Male,204.55.246.86,6845,PO Box 11353,3/23/2023
388,Darryl,Cherrett,dcherrettar@alexa.com,Female,142.55.183.234,5606,Apt 1440,10/7/2022
389,Dawn,Bodimeade,dbodimeadeas@usatoday.com,Female,134.114.135.38,7859,PO Box 73328,7/22/2022
390,Alfreda,Baron,abaronat@freewebs.com,Bigender,229.88.177.110,9728,Room 1420,6/3/2022
391,Rosalyn,Fulcher,rfulcherau@blogger.com,Female,138.201.213.188,4069,16th Floor,10/7/2022
392,Larisa,Fairweather,lfairweatherav@npr.org,Female,11.110.7.118,4171,Room 1948,7/21/2022
393,Marc,Goburn,mgoburnaw@geocities.com,Genderqueer,97.192.170.6,7258,Suite 5,10/7/2022
394,Antonia,Gudyer,agudyerax@google.co.jp,Female,197.65.54.211,7114,Room 396,1/26/2023
395,Aldric,Nuccii,anucciiay@goodreads.com,Genderfluid,122.116.93.175,8815,Room 444,5/1/2022
396,Vito,Arent,varentaz@marriott.com,Male,160.161.238.12,6161,14th Floor,10/3/2022
397,Nevins,Redsell,nredsellb0@bloomberg.com,Male,128.194.92.67,8500,5th Floor,8/23/2022
398,Trev,Bonsall,tbonsallb1@cnn.com,Male,184.99.125.173,6947,Room 1024,10/21/2022
399,Sherlocke,Rosborough,srosboroughb2@businessinsider.com,Male,160.41.236.220,7029,PO Box 43317,12/8/2022
400,Jules,Despenser,jdespenserb3@a8.net,Male,42.103.83.35,2142,19th Floor,12/5/2022
401,Elizabet,Byass,ebyassb4@auda.org.au,Polygender,21.174.28.102,8147,Room 1369,4/8/2022
402,Ephrayim,Goning,egoningb5@wp.com,Polygender,165.50.253.150,8065,Apt 949,10/12/2022
403,Willey,Cecely,wcecelyb6@simplemachines.org,Male,27.129.201.184,2312,Apt 495,3/3/2023
404,Kurtis,Puddicombe,kpuddicombeb7@baidu.com,Male,191.156.9.188,2984,Room 441,3/26/2023
405,Olag,Riccioppo,oriccioppob8@foxnews.com,Male,148.220.161.195,5750,PO Box 34840,2/9/2023
406,Olenka,Burt,oburtb9@mit.edu,Female,110.18.53.51,7408,Room 798,5/5/2022
407,Johnathon,Ranvoise,jranvoiseba@homestead.com,Male,211.221.65.214,6153,PO Box 13338,1/15/2023
408,Ruddie,Coda,rcodabb@ucla.edu,Male,79.48.90.4,1776,4th Floor,8/27/2022
409,Ted,Behling,tbehlingbc@feedburner.com,Male,114.196.213.65,2248,PO Box 73472,6/27/2022
410,Ingemar,Dumbell,idumbellbd@i2i.jp,Male,3.243.43.82,4701,Room 454,11/11/2022
411,Ramon,Gruczka,rgruczkabe@apple.com,Male,117.223.45.78,6141,Suite 58,5/30/2022
412,Chlo,Keat,ckeatbf@ox.ac.uk,Female,122.55.192.175,9844,Room 1170,9/6/2022
413,Pate,Lorne,plornebg@behance.net,Male,233.71.70.48,3337,Suite 73,11/2/2022
414,Mignon,Moisey,mmoiseybh@jalbum.net,Female,202.18.140.243,7449,Apt 489,12/2/2022
415,Gianna,Gasperi,ggasperibi@wunderground.com,Female,131.35.217.73,9676,Apt 1735,9/24/2022
416,Wenonah,Fulun,wfulunbj@ezinearticles.com,Female,71.202.2.139,9041,PO Box 54305,6/29/2022
417,Claire,Sante,csantebk@printfriendly.com,Female,255.95.241.26,1070,PO Box 50902,1/21/2023
418,Tarah,Cakes,tcakesbl@alexa.com,Female,233.159.238.168,9496,Room 1760,12/9/2022
419,Rees,Guinnane,rguinnanebm@google.de,Male,76.129.172.155,2257,19th Floor,5/23/2022
420,Evy,Checketts,echeckettsbn@imdb.com,Female,162.182.212.88,1933,PO Box 54572,11/27/2022
421,Dex,Lyddy,dlyddybo@gmpg.org,Male,229.106.227.29,6535,Apt 1826,9/23/2022
422,Towney,Mc Corley,tmccorleybp@linkedin.com,Male,28.152.183.141,3220,Room 761,3/2/2023
423,Burk,Jagiello,bjagiellobq@geocities.jp,Male,5.41.141.153,6369,Apt 645,6/12/2022
424,Odilia,Codman,ocodmanbr@ihg.com,Female,17.110.212.9,9145,Apt 1551,3/1/2023
425,Melisent,Lawrence,mlawrencebs@reuters.com,Female,195.84.123.217,4122,Apt 822,8/8/2022
426,Andres,Brabant,abrabantbt@huffingtonpost.com,Male,121.43.197.223,2321,Room 539,5/24/2022
427,Shae,Champneys,schampneysbu@time.com,Female,225.10.137.89,3813,Apt 131,6/12/2022
428,Devina,Monk,dmonkbv@t-online.de,Female,176.6.79.97,9574,Apt 1842,7/22/2022
429,Cynthea,Halwell,chalwellbw@va.gov,Female,72.27.44.187,6911,Apt 1412,1/17/2023
430,Blythe,Sleite,bsleitebx@cyberchimps.com,Female,70.156.226.167,7196,19th Floor,6/13/2022
431,Friederike,Postlethwaite,fpostlethwaiteby@xrea.com,Female,219.136.156.34,9550,Room 1127,11/3/2022
432,Judah,Coughlin,jcoughlinbz@aboutads.info,Male,35.118.152.227,4557,PO Box 43832,7/9/2022
433,Rebeka,Morecomb,rmorecombc0@blinklist.com,Female,207.175.49.111,2425,Suite 21,5/15/2022
434,Fidel,Beeching,fbeechingc1@woothemes.com,Male,240.148.149.50,1082,Room 1977,5/13/2022
435,Elton,Beebe,ebeebec2@senate.gov,Male,100.13.159.118,4144,Suite 39,1/11/2023
436,Barbara-anne,Raisher,braisherc3@nymag.com,Female,96.167.99.230,6061,4th Floor,6/8/2022
437,Shelba,Trippitt,strippittc4@angelfire.com,Female,174.104.126.208,3559,7th Floor,2/26/2023
438,Elvis,Meadowcraft,emeadowcraftc5@jimdo.com,Male,99.198.60.80,1413,PO Box 26473,9/28/2022
439,Packston,Sirett,psirettc6@ca.gov,Male,148.99.116.205,4326,Room 1439,1/3/2023
440,Dorette,Seale,dsealec7@kickstarter.com,Female,52.201.118.206,2133,Suite 51,5/31/2022
441,Terrance,Barford,tbarfordc8@census.gov,Male,109.93.135.164,8432,Suite 9,4/20/2022
442,Mathias,Titcomb,mtitcombc9@washington.edu,Male,12.7.73.205,6115,PO Box 26735,11/6/2022
443,Daffie,Newsome,dnewsomeca@deliciousdays.com,Female,95.210.116.49,5975,Suite 11,9/4/2022
444,Jervis,Leeke,jleekecb@boston.com,Male,11.28.16.25,4505,Apt 571,5/1/2022
445,Wallas,Wyld,wwyldcc@narod.ru,Male,200.242.120.236,7965,10th Floor,12/19/2022
446,Pattie,Marc,pmarccd@odnoklassniki.ru,Female,206.30.168.104,1706,Room 934,2/11/2023
447,Caddric,Larderot,clarderotce@comcast.net,Male,36.72.73.56,1060,PO Box 34321,10/5/2022
448,Garnet,Spirritt,gspirrittcf@oaic.gov.au,Female,3.194.191.36,9909,Room 907,8/29/2022
449,Art,Pifford,apiffordcg@deliciousdays.com,Male,29.78.14.87,9908,Suite 95,11/24/2022
450,Barris,Ferrier,bferrierch@com.com,Male,34.207.142.58,4443,Room 1678,2/14/2023
451,Anitra,Sporner,aspornerci@arstechnica.com,Female,103.23.90.176,9428,Room 789,3/1/2023
452,Rachelle,Rene,rrenecj@bloomberg.com,Female,155.134.200.168,3311,Apt 1572,10/31/2022
453,Biron,Bellsham,bbellshamck@cdc.gov,Male,119.178.110.131,6099,9th Floor,8/4/2022
454,Elga,Lesslie,elessliecl@cmu.edu,Female,222.2.14.206,5103,4th Floor,4/8/2022
455,Danya,Arpino,darpinocm@surveymonkey.com,Female,3.140.108.41,4922,Apt 498,2/27/2023
456,Vincenty,Duran,vdurancn@hugedomains.com,Male,135.207.206.80,3892,8th Floor,12/23/2022
457,Billie,Fotheringham,bfotheringhamco@mail.ru,Male,206.185.102.0,7672,Room 1573,9/17/2022
458,Pincus,Fenck,pfenckcp@dyndns.org,Male,121.228.244.101,4793,PO Box 46310,12/14/2022
459,Carissa,Lancashire,clancashirecq@opera.com,Female,184.161.55.170,1616,PO Box 90107,12/13/2022
460,Gusti,Pallesen,gpallesencr@ed.gov,Female,133.194.158.235,1504,Apt 386,3/2/2023
461,Benjy,McCallum,bmccallumcs@exblog.jp,Male,32.38.115.15,1971,Room 1962,7/29/2022
462,Hermon,Crangle,hcranglect@google.com,Male,44.230.183.220,5744,Suite 89,11/26/2022
463,Marlie,Bellfield,mbellfieldcu@yahoo.com,Female,78.23.207.36,3976,Room 1022,11/10/2022
464,Chaddie,Harbar,charbarcv@sbwire.com,Bigender,67.238.68.174,3944,16th Floor,3/28/2023
465,Gill,Erbain,gerbaincw@sourceforge.net,Female,215.136.89.96,9108,PO Box 22958,9/5/2022
466,Jojo,Valerio,jvaleriocx@archive.org,Female,136.80.129.192,7826,7th Floor,10/2/2022
467,Nessi,Swindon,nswindoncy@marriott.com,Non-binary,139.124.20.234,4557,PO Box 76523,7/12/2022
468,Oliver,Matushevich,omatushevichcz@globo.com,Male,64.109.106.15,1299,3rd Floor,2/19/2023
469,Cookie,Slide,cslided0@blogtalkradio.com,Female,193.151.126.22,8548,Room 1646,1/16/2023
470,Wandie,Dunston,wdunstond1@taobao.com,Female,4.89.240.224,7348,17th Floor,8/21/2022
471,Vaclav,Perrycost,vperrycostd2@earthlink.net,Male,229.68.140.25,7524,3rd Floor,3/21/2023
472,Emlynne,Cockburn,ecockburnd3@businesswire.com,Female,247.88.203.46,5953,Suite 44,2/26/2023
473,Natalee,Steinor,nsteinord4@usgs.gov,Female,44.234.75.217,1921,Suite 8,10/24/2022
474,Karol,Aguirre,kaguirred5@so-net.ne.jp,Female,5.92.124.101,5543,Suite 100,10/28/2022
475,Cecilia,Bernollet,cbernolletd6@dagondesign.com,Female,91.233.23.97,7582,Apt 6,7/18/2022
476,Shae,Baskeyfield,sbaskeyfieldd7@wunderground.com,Female,19.239.8.77,5202,14th Floor,11/18/2022
477,Kaiser,Steketee,ksteketeed8@cbsnews.com,Male,80.253.68.167,2424,PO Box 63190,10/30/2022
478,Danyette,Caramuscia,dcaramusciad9@earthlink.net,Female,45.210.129.71,5694,Suite 72,1/31/2023
479,Josephina,Hakey,jhakeyda@wired.com,Female,237.174.75.254,2848,Apt 646,1/4/2023
480,Korella,Gantzman,kgantzmandb@shareasale.com,Female,104.193.125.132,2215,PO Box 44956,4/23/2022
481,Prent,Absolem,pabsolemdc@flavors.me,Male,224.239.253.88,6699,Apt 1441,1/6/2023
482,Wynnie,Keepin,wkeepindd@twitter.com,Female,112.247.204.30,2359,Suite 7,6/27/2022
483,Zebulon,Tingly,ztinglyde@spiegel.de,Male,104.226.174.82,4608,Room 26,2/25/2023
484,Fanchon,Okroy,fokroydf@slashdot.org,Female,233.82.124.92,9085,8th Floor,8/19/2022
485,Bevvy,Sargeant,bsargeantdg@tinyurl.com,Female,169.73.24.68,4384,Suite 41,9/5/2022
486,Sascha,Chatenet,schatenetdh@yellowbook.com,Female,22.109.245.61,3843,Suite 1,11/8/2022
487,Amalle,Lohan,alohandi@github.io,Female,60.21.24.76,7204,3rd Floor,7/16/2022
488,Toma,McDuall,tmcdualldj@microsoft.com,Female,110.93.223.75,1003,Apt 872,1/15/2023
489,Felicio,Grenkov,fgrenkovdk@squidoo.com,Male,33.229.172.122,4548,Apt 813,4/27/2022
490,Maurise,Lebbon,mlebbondl@photobucket.com,Male,254.144.222.112,4615,Suite 11,12/17/2022
491,Langsdon,Swoffer,lswofferdm@tripod.com,Male,91.155.94.236,5744,Apt 218,8/30/2022
492,Eadmund,Greenroyd,egreenroyddn@hibu.com,Male,246.254.172.141,7852,Apt 1786,8/7/2022
493,Aryn,Walbridge,awalbridgedo@lulu.com,Genderfluid,225.129.2.0,9089,Apt 325,3/19/2023
494,Eunice,Theml,ethemldp@usnews.com,Female,13.148.152.120,8422,Room 215,2/23/2023
495,Delila,Gomersall,dgomersalldq@netscape.com,Female,15.173.56.194,2370,PO Box 3356,10/18/2022
496,Haily,Oxenden,hoxendendr@pagesperso-orange.fr,Male,47.175.190.153,4143,Suite 65,12/3/2022
497,Ely,Philp,ephilpds@qq.com,Male,126.7.222.1,6190,Room 863,5/11/2022
498,Gerianne,Stanlike,gstanlikedt@google.com.br,Female,148.144.76.162,4935,Room 1908,11/1/2022
499,Witty,Willbraham,wwillbrahamdu@yandex.ru,Male,181.87.217.239,2195,Apt 706,8/8/2022
500,Tabbie,Rehorek,trehorekdv@soup.io,Male,239.110.233.93,5536,Suite 21,11/12/2022
501,Cyrillus,Bartaloni,cbartalonidw@bloomberg.com,Male,138.187.11.80,4942,Room 92,12/15/2022
502,Hadrian,Goligly,hgoliglydx@xing.com,Male,173.27.191.175,7941,Apt 517,4/22/2022
503,Vivie,Lafflin,vlafflindy@sbwire.com,Female,161.141.30.144,2753,6th Floor,9/11/2022
504,Cliff,McKeran,cmckerandz@livejournal.com,Male,109.135.72.12,1394,PO Box 75410,9/10/2022
505,Bili,Titterell,btitterelle0@dailymotion.com,Female,183.188.106.112,1375,Room 61,9/22/2022
506,Rodolfo,Pighills,rpighillse1@oracle.com,Agender,154.111.100.220,1569,PO Box 21810,10/19/2022
507,Dyan,Bullene,dbullenee2@yelp.com,Female,2.35.196.192,1619,Apt 1816,12/6/2022
508,Leigh,Morcombe,lmorcombee3@example.com,Male,69.69.184.38,6068,PO Box 84188,12/29/2022
509,Ofella,Bleasdale,obleasdalee4@ucoz.com,Female,78.158.93.79,1170,Room 1548,7/7/2022
510,Dillie,Rycroft,drycrofte5@shinystat.com,Male,14.100.172.174,7935,Room 506,11/23/2022
511,Shep,Toon,stoone6@cisco.com,Male,216.217.239.40,6714,Suite 74,7/27/2022
512,Hermann,Jaskowicz,hjaskowicze7@theglobeandmail.com,Male,123.162.128.92,7037,Apt 364,3/11/2023
513,Wernher,Tremolieres,wtremolierese8@hao123.com,Non-binary,233.172.1.253,2094,Suite 40,5/22/2022
514,Nowell,Oakton,noaktone9@g.co,Male,76.183.52.19,2478,Room 157,11/16/2022
515,Maris,Tattam,mtattamea@wiley.com,Female,89.191.136.7,8150,4th Floor,6/10/2022
516,Jim,Malenoir,jmalenoireb@ucoz.com,Male,83.48.154.151,3057,Apt 1302,7/30/2022
517,Sybyl,Micheli,smicheliec@dell.com,Female,241.154.180.8,4233,Suite 61,2/12/2023
518,Shayna,Rickards,srickardsed@aol.com,Female,218.236.132.121,4433,PO Box 91973,7/22/2022
519,Sande,Rossetti,srossettiee@posterous.com,Agender,179.166.173.96,9205,Apt 1485,4/25/2022
520,Gaven,Cunniam,gcunniamef@wunderground.com,Male,185.43.145.84,3613,Suite 88,8/12/2022
521,Phineas,Hillitt,phillitteg@berkeley.edu,Male,128.172.193.21,5041,15th Floor,2/25/2023
522,Pascale,Cottage,pcottageeh@hubpages.com,Male,84.254.15.68,6291,Suite 96,4/28/2022
523,Heloise,Fernando,hfernandoei@ycombinator.com,Female,179.169.128.197,7626,Suite 59,7/25/2022
524,Emmalynne,Pecha,epechaej@eventbrite.com,Female,252.209.28.38,3417,13th Floor,11/3/2022
525,Pincas,Jowers,pjowersek@wikipedia.org,Male,56.135.252.232,7839,Room 1756,7/22/2022
526,Amby,Peniello,apenielloel@blog.com,Male,143.63.36.124,8287,PO Box 14881,7/31/2022
527,Fey,MacRorie,fmacrorieem@google.co.uk,Female,95.11.139.73,3071,Apt 274,8/9/2022
528,Caesar,Broadhurst,cbroadhursten@yelp.com,Male,54.43.82.18,2269,Apt 635,2/28/2023
529,Phaedra,McCambrois,pmccambroiseo@feedburner.com,Female,4.80.211.124,2970,Apt 1923,9/8/2022
530,Charmain,Willeman,cwillemanep@princeton.edu,Female,34.161.61.53,6696,1st Floor,3/7/2023
531,Brewster,Grinham,bgrinhameq@comcast.net,Genderfluid,197.147.222.10,5930,4th Floor,8/19/2022
532,Amble,Curneen,acurneener@cisco.com,Male,234.91.223.189,8019,2nd Floor,8/10/2022
533,Augustine,Allnatt,aallnattes@auda.org.au,Female,80.192.164.191,8532,Apt 1027,12/11/2022
534,Stanley,Boyde,sboydeet@freewebs.com,Male,177.99.28.19,7780,PO Box 2443,1/27/2023
535,Aluino,Peterken,apeterkeneu@yahoo.com,Male,90.109.144.4,9117,Apt 1055,4/15/2022
536,Avril,Isaak,aisaakev@dion.ne.jp,Female,240.140.34.202,9816,Apt 1385,12/17/2022
537,Daffi,Edger,dedgerew@istockphoto.com,Female,255.141.129.146,9104,Apt 584,2/8/2023
538,Culver,Jedrzejczyk,cjedrzejczykex@ocn.ne.jp,Male,7.156.181.164,4310,Suite 73,2/12/2023
539,Munmro,Meak,mmeakey@chicagotribune.com,Male,84.15.47.184,1844,7th Floor,3/12/2023
540,Freida,Castagnone,fcastagnoneez@blinklist.com,Female,151.37.39.28,9483,Room 705,6/4/2022
541,Consolata,Kendrew,ckendrewf0@photobucket.com,Polygender,103.80.114.10,1080,Room 56,8/22/2022
542,Cherri,Sally,csallyf1@ed.gov,Female,206.211.251.188,5374,Apt 1120,7/30/2022
543,Corbet,Parham,cparhamf2@fotki.com,Male,81.217.83.51,1025,Room 1263,12/26/2022
544,Pinchas,Canon,pcanonf3@freewebs.com,Male,242.69.51.146,7952,Apt 1362,11/30/2022
545,Percival,Paddefield,ppaddefieldf4@lycos.com,Male,42.201.15.114,8293,Suite 32,4/9/2022
546,Cosme,Hatliffe,chatliffef5@businessweek.com,Male,251.44.161.46,8889,Suite 2,4/22/2022
547,Hy,Standrin,hstandrinf6@freewebs.com,Male,206.48.126.229,4035,Room 1656,7/17/2022
548,Harman,De Bell,hdebellf7@behance.net,Bigender,107.152.225.105,8228,Room 1565,6/25/2022
549,Kattie,Taye,ktayef8@google.co.uk,Female,185.145.137.166,2754,Suite 33,4/30/2022
550,Marrilee,Hallybone,mhallybonef9@quantcast.com,Female,241.86.174.98,6587,Suite 27,9/27/2022
551,Kimble,Winckles,kwincklesfa@facebook.com,Male,79.131.166.89,7265,Suite 2,11/6/2022
552,Helenelizabeth,Stud,hstudfb@noaa.gov,Female,1.190.53.155,9461,Room 590,3/29/2023
553,Connor,Puttock,cputtockfc@tamu.edu,Male,200.0.116.70,7442,PO Box 87630,3/10/2023
554,Vernor,Simson,vsimsonfd@washington.edu,Male,135.155.46.134,1918,Apt 1757,7/24/2022
555,Fletch,Bigby,fbigbyfe@sbwire.com,Male,204.209.242.32,8887,19th Floor,7/23/2022
556,Andros,Chatin,achatinff@columbia.edu,Male,118.181.3.112,5803,Apt 1189,7/20/2022
557,Ozzy,Belshaw,obelshawfg@epa.gov,Male,153.23.52.26,6975,5th Floor,5/20/2022
558,Doralia,Speare,dspearefh@g.co,Female,161.20.228.102,5411,PO Box 30640,12/18/2022
559,Jeanne,Newns,jnewnsfi@google.it,Female,233.50.221.69,7492,Apt 1333,9/4/2022
560,Riki,Rosier,rrosierfj@alibaba.com,Female,169.171.227.30,3337,Room 1646,3/7/2023
561,Andra,Rablen,arablenfk@hexun.com,Female,55.228.239.205,9969,12th Floor,9/1/2022
562,Wildon,Sore,wsorefl@spiegel.de,Male,176.242.46.235,7705,Room 1410,3/29/2023
563,Jolyn,Saterthwait,jsaterthwaitfm@nba.com,Female,182.244.28.131,8186,12th Floor,6/14/2022
564,Tabitha,Gleed,tgleedfn@gizmodo.com,Female,74.181.182.186,2991,PO Box 80173,11/13/2022
565,Mervin,Tripcony,mtripconyfo@businesswire.com,Male,94.55.181.14,8829,Suite 29,2/2/2023
566,Coral,Boneham,cbonehamfp@npr.org,Agender,189.87.159.160,2126,Room 1314,12/4/2022
567,Ruperta,Hedderly,rhedderlyfq@tumblr.com,Female,205.73.92.153,8619,PO Box 38832,9/27/2022
568,Rawley,Petroselli,rpetrosellifr@google.it,Male,85.96.242.179,7908,Suite 27,5/19/2022
569,Devan,Cohan,dcohanfs@craigslist.org,Female,134.97.2.129,6386,Room 768,7/19/2022
570,Edd,Grabiec,egrabiecft@wordpress.com,Male,63.104.72.215,9106,PO Box 89364,5/18/2022
571,Kiley,Wilshaw,kwilshawfu@myspace.com,Male,41.203.106.55,6032,1st Floor,8/31/2022
572,Trip,Saltman,tsaltmanfv@jimdo.com,Male,213.162.120.192,4559,Suite 92,12/23/2022
573,Alene,D'Aeth,adaethfw@cnbc.com,Female,108.53.183.115,5245,Apt 1895,6/21/2022
574,Chen,Castelletto,ccastellettofx@netscape.com,Male,194.188.186.142,9766,Suite 84,5/9/2022
575,Julieta,Rechert,jrechertfy@whitehouse.gov,Female,74.68.216.170,3157,Apt 1571,7/22/2022
576,Goldie,Mullineux,gmullineuxfz@icio.us,Female,56.127.26.84,5753,Suite 69,9/28/2022
577,Urbanus,Wardingly,uwardinglyg0@irs.gov,Male,222.164.211.182,1462,Suite 3,9/14/2022
578,Charlene,Mowsdell,cmowsdellg1@businessinsider.com,Female,114.74.214.122,6926,6th Floor,10/28/2022
579,Melloney,Dickerline,mdickerlineg2@scientificamerican.com,Female,140.136.85.129,6367,Apt 1891,5/25/2022
580,Nan,Mathevet,nmathevetg3@acquirethisname.com,Female,57.213.33.101,5843,Suite 68,3/28/2023
581,Eulalie,Ussher,eussherg4@chron.com,Female,167.150.91.92,8368,8th Floor,7/14/2022
582,Arnuad,Hulbert,ahulbertg5@networkadvertising.org,Male,37.79.56.180,9115,Apt 1192,9/17/2022
583,Ara,Pilsbury,apilsburyg6@constantcontact.com,Genderqueer,172.166.252.155,2189,8th Floor,3/7/2023
584,Alethea,Clorley,aclorleyg7@plala.or.jp,Female,80.125.201.228,2524,PO Box 95044,10/23/2022
585,Morley,Davidde,mdaviddeg8@webnode.com,Male,221.12.161.76,2084,11th Floor,2/10/2023
586,Kimbra,Spriggs,kspriggsg9@homestead.com,Female,124.242.97.216,7042,Room 1109,11/8/2022
587,Dunc,Tough,dtoughga@chron.com,Male,136.17.153.6,5614,Apt 829,3/18/2023
588,Babita,Fiander,bfiandergb@homestead.com,Female,74.216.36.191,4984,PO Box 82120,2/19/2023
589,Judon,Whitemarsh,jwhitemarshgc@ustream.tv,Male,254.9.178.92,7192,Apt 367,9/12/2022
590,Federica,Attrey,fattreygd@slate.com,Female,184.223.133.105,6993,Apt 1313,8/25/2022
591,Langston,Burdfield,lburdfieldge@issuu.com,Male,98.111.197.120,4038,PO Box 5919,2/14/2023
592,Saw,Wyke,swykegf@nifty.com,Male,4.99.236.46,4280,19th Floor,7/5/2022
593,Zack,Testo,ztestogg@adobe.com,Male,40.38.203.228,2144,Apt 767,1/14/2023
594,Miriam,Vagges,mvaggesgh@lulu.com,Female,200.192.0.129,6865,12th Floor,12/6/2022
595,Zebedee,Georgiev,zgeorgievgi@theguardian.com,Male,50.75.109.175,8104,19th Floor,10/17/2022
596,Emmett,Kayser,ekaysergj@ibm.com,Genderfluid,27.32.49.24,1512,Room 1092,9/7/2022
597,Gav,Brundill,gbrundillgk@goo.gl,Agender,127.16.21.102,1889,15th Floor,10/21/2022
598,Britt,Freathy,bfreathygl@pagesperso-orange.fr,Male,154.161.127.201,1326,PO Box 82433,12/3/2022
599,Benni,Foffano,bfoffanogm@weibo.com,Female,181.28.93.195,9757,12th Floor,4/20/2022
600,Derrek,Hasnip,dhasnipgn@themeforest.net,Male,153.190.15.41,3148,Suite 59,12/23/2022
601,Flynn,Le Frank,flefrankgo@bravesites.com,Male,161.204.187.146,5113,6th Floor,6/4/2022
602,Paquito,Wikey,pwikeygp@chron.com,Male,207.166.195.84,1438,Room 1277,1/2/2023
603,Junette,Sneden,jsnedengq@flavors.me,Female,232.34.34.19,1583,Apt 1791,11/29/2022
604,Phillipp,Lathom,plathomgr@bbc.co.uk,Male,229.103.213.224,4653,PO Box 53254,3/6/2023
605,Burg,Bosley,bbosleygs@google.cn,Male,54.247.195.22,9094,Room 1394,12/12/2022
606,Carlita,Goldin,cgoldingt@storify.com,Female,49.136.153.18,7515,13th Floor,8/21/2022
607,Maggie,Jurisch,mjurischgu@sogou.com,Female,73.168.98.84,8978,Suite 3,6/4/2022
608,Crystie,Vellacott,cvellacottgv@cbc.ca,Female,18.135.188.105,7713,2nd Floor,7/5/2022
609,Lazaro,Rillatt,lrillattgw@sun.com,Male,133.180.64.79,4700,PO Box 61036,2/6/2023
610,Reinald,Davenhall,rdavenhallgx@vistaprint.com,Male,227.236.229.243,2317,19th Floor,10/14/2022
611,Annis,Hubbocks,ahubbocksgy@mapy.cz,Female,98.223.184.104,4510,Suite 34,9/5/2022
612,Miguel,Measham,mmeashamgz@reverbnation.com,Male,126.21.123.197,9478,12th Floor,10/12/2022
613,Dorrie,Nyland,dnylandh0@creativecommons.org,Female,156.22.175.6,4187,Apt 746,8/31/2022
614,Pennie,Bloxholm,pbloxholmh1@si.edu,Female,11.97.195.249,1247,Apt 85,10/17/2022
615,Hamlen,Sharply,hsharplyh2@youtube.com,Male,107.211.206.224,9678,PO Box 93087,1/10/2023
616,Dukie,Zanre,dzanreh3@homestead.com,Genderqueer,163.49.235.13,3281,Suite 38,4/13/2022
617,Gerrilee,Ormesher,gormesherh4@stanford.edu,Female,165.59.238.37,8456,Apt 1209,3/18/2023
618,Terencio,Dranfield,tdranfieldh5@adobe.com,Male,77.233.80.241,2006,PO Box 27618,10/6/2022
619,Abigael,Mungham,amunghamh6@homestead.com,Female,251.2.113.84,3192,Apt 1039,5/20/2022
620,Torrin,Clunan,tclunanh7@parallels.com,Male,17.202.187.29,6004,Suite 31,3/8/2023
621,Grove,Sperski,gsperskih8@ebay.com,Male,197.121.195.42,3214,PO Box 65685,7/28/2022
622,Edith,Aynscombe,eaynscombeh9@examiner.com,Female,248.95.64.193,5178,Room 350,12/20/2022
623,Clerc,Crinage,ccrinageha@goo.ne.jp,Genderqueer,131.231.83.12,1066,13th Floor,6/26/2022
624,Sybille,Spera,ssperahb@tinyurl.com,Female,186.63.179.33,9328,Suite 79,10/28/2022
625,Cullin,McAdam,cmcadamhc@photobucket.com,Male,108.214.171.191,8662,Suite 22,5/23/2022
626,Clywd,Godbehere,cgodbeherehd@1und1.de,Male,7.21.246.200,1547,Room 313,12/17/2022
627,Wolfgang,Smartman,wsmartmanhe@blogtalkradio.com,Male,239.188.13.166,6822,Apt 1034,9/19/2022
628,Sebastian,O'Hear,sohearhf@squarespace.com,Genderqueer,26.65.206.167,3896,PO Box 26372,4/15/2022
629,Roley,Camp,rcamphg@mtv.com,Male,189.106.169.113,5246,Suite 97,8/30/2022
630,Farand,Joburn,fjoburnhh@nytimes.com,Female,228.196.140.213,8510,PO Box 60115,2/18/2023
631,Jeffy,Milsted,jmilstedhi@etsy.com,Male,81.41.99.192,4671,Room 985,11/3/2022
632,Nicolai,Royle,nroylehj@ebay.co.uk,Male,147.50.224.139,7532,Suite 22,3/20/2023
633,Harlene,Stiegars,hstiegarshk@wordpress.org,Female,14.174.96.37,1106,Room 1302,5/23/2022
634,Percival,Liddall,pliddallhl@yolasite.com,Polygender,194.7.183.112,3753,18th Floor,5/7/2022
635,Lizabeth,McKee,lmckeehm@zimbio.com,Non-binary,70.137.156.109,6641,PO Box 61010,4/19/2022
636,Justin,Housego,jhousegohn@newsvine.com,Male,96.248.54.177,5255,PO Box 73837,12/29/2022
637,Kimberley,Pimlott,kpimlottho@istockphoto.com,Female,231.25.4.176,3985,Apt 42,1/5/2023
638,Grazia,Gealy,ggealyhp@amazonaws.com,Female,35.0.35.132,1838,12th Floor,9/4/2022
639,Uriel,Costigan,ucostiganhq@utexas.edu,Male,170.131.171.124,9954,PO Box 20419,3/22/2023
640,Valerie,Shelp,vshelphr@tamu.edu,Female,162.198.90.26,9349,PO Box 37169,7/25/2022
641,Antoinette,Albutt,aalbutths@issuu.com,Female,66.151.114.85,4467,PO Box 75633,1/20/2023
642,Clarie,Burgyn,cburgynht@state.gov,Female,12.216.5.108,8034,PO Box 52525,6/28/2022
643,Gratia,de Lloyd,gdelloydhu@salon.com,Female,217.164.243.32,8811,PO Box 12357,6/24/2022
644,Fawnia,De Mattia,fdemattiahv@surveymonkey.com,Female,200.77.52.125,2806,PO Box 92626,3/13/2023
645,Gracie,Bitchener,gbitchenerhw@trellian.com,Female,232.16.168.58,5905,18th Floor,8/19/2022
646,Jacintha,Tidy,jtidyhx@bing.com,Female,202.45.80.239,6561,Suite 12,3/3/2023
647,Ursulina,Ceresa,uceresahy@yandex.ru,Female,31.57.125.185,6103,Room 894,6/15/2022
648,See,Fossick,sfossickhz@yelp.com,Male,128.13.181.215,7639,PO Box 55264,2/21/2023
649,Stillman,Rehme,srehmei0@msu.edu,Male,166.28.14.148,3455,Room 710,9/26/2022
650,Fonzie,Beecker,fbeeckeri1@reference.com,Male,90.91.254.130,2555,PO Box 47166,7/15/2022
651,Elspeth,Wigsell,ewigselli2@bandcamp.com,Female,7.181.70.63,7155,Suite 85,9/30/2022
652,Ashton,Treacy,atreacyi3@tumblr.com,Male,110.123.25.138,4744,Room 738,7/10/2022
653,Clarie,De Santos,cdesantosi4@illinois.edu,Female,130.176.179.113,7267,Room 282,1/8/2023
654,Felita,Van Schafflaer,fvanschafflaeri5@tripod.com,Female,188.249.6.3,5603,Room 1580,8/14/2022
655,Rivalee,Leile,rleilei6@symantec.com,Female,173.126.6.52,5817,Suite 62,10/28/2022
656,Lorelei,Sutherel,lsuthereli7@statcounter.com,Genderqueer,253.214.137.195,1559,Suite 46,2/21/2023
657,Heath,Urpeth,hurpethi8@japanpost.jp,Agender,248.56.43.229,3665,Room 1912,10/12/2022
658,Joseph,Skoate,jskoatei9@guardian.co.uk,Male,193.46.52.202,8088,8th Floor,7/17/2022
659,Hazel,Delcastel,hdelcastelia@kickstarter.com,Agender,23.128.9.219,1831,Suite 86,6/15/2022
660,Kipper,Feeham,kfeehamib@hao123.com,Male,237.13.160.18,4756,18th Floor,12/28/2022
661,Vassili,Sidden,vsiddenic@narod.ru,Male,84.237.228.2,6183,Room 1600,9/17/2022
662,Valli,Bazylets,vbazyletsid@mysql.com,Female,182.50.8.76,5927,Apt 988,3/3/2023
663,Rora,Klulicek,rklulicekie@mapy.cz,Female,79.141.210.124,3269,20th Floor,2/1/2023
664,Abbey,Southorn,asouthornif@cnn.com,Male,85.101.134.15,7542,Apt 1094,5/27/2022
665,Kenneth,Abels,kabelsig@altervista.org,Male,232.66.146.183,9172,Suite 30,1/22/2023
666,Emili,Aliberti,ealibertiih@huffingtonpost.com,Female,93.172.45.179,5442,10th Floor,6/29/2022
667,Waly,Fortoun,wfortounii@home.pl,Female,253.117.248.14,7584,Apt 1814,2/1/2023
668,Devan,Rillatt,drillattij@vinaora.com,Female,176.79.34.139,5105,Room 144,10/19/2022
669,Carlo,Feldman,cfeldmanik@51.la,Male,109.91.92.135,9023,Apt 486,11/25/2022
670,Loria,Winstone,lwinstoneil@cbslocal.com,Female,205.250.9.193,5585,Room 1912,10/14/2022
671,Hyacinthie,Manilo,hmaniloim@amazon.co.uk,Female,168.129.111.251,2240,Room 1249,7/4/2022
672,Chucho,Seiter,cseiterin@biglobe.ne.jp,Male,23.145.218.125,1445,Suite 58,11/14/2022
673,Frederico,Stelfox,fstelfoxio@joomla.org,Male,135.132.206.219,8709,Room 1021,2/21/2023
674,Rodrigo,Disbrow,rdisbrowip@studiopress.com,Male,212.24.138.232,7807,Apt 1598,10/12/2022
675,Baillie,Brosi,bbrosiiq@posterous.com,Male,101.194.174.168,2048,PO Box 27296,10/26/2022
676,Bax,Schoffel,bschoffelir@adobe.com,Male,113.87.195.133,5978,Room 1549,8/7/2022
677,Fitz,Moy,fmoyis@t-online.de,Male,10.184.184.188,4616,Apt 1284,11/8/2022
678,Leigh,Kliesl,lklieslit@google.com,Female,164.19.95.238,7308,Suite 66,9/17/2022
679,Trescha,Agerskow,tagerskowiu@mtv.com,Female,239.226.123.171,1810,PO Box 40017,9/27/2022
680,Michelina,McSperron,mmcsperroniv@harvard.edu,Genderfluid,189.101.3.160,7637,Apt 1929,1/10/2023
681,Eben,Netherwood,enetherwoodiw@freewebs.com,Bigender,178.32.172.85,5678,Room 1236,2/8/2023
682,Carolus,Antosik,cantosikix@jimdo.com,Male,58.78.3.107,9557,Suite 82,11/26/2022
683,Waldemar,Tash,wtashiy@prweb.com,Male,88.220.94.204,1486,Apt 1454,2/28/2023
684,Zolly,Carnell,zcarnelliz@hexun.com,Male,117.248.49.212,9911,PO Box 54555,2/4/2023
685,Gavrielle,Robatham,grobathamj0@bloomberg.com,Female,145.103.165.216,4459,Apt 241,5/14/2022
686,Herman,Cobleigh,hcobleighj1@last.fm,Male,14.227.247.245,2013,Room 1627,11/17/2022
687,Jolynn,Stallwood,jstallwoodj2@nature.com,Female,144.24.144.176,9240,Apt 201,4/16/2022
688,Rubia,Petrovic,rpetrovicj3@tiny.cc,Female,75.142.201.91,5353,14th Floor,3/1/2023
689,Michaelina,Alwood,malwoodj4@nydailynews.com,Female,167.213.118.40,3834,Apt 474,4/3/2023
690,Gael,Jindacek,gjindacekj5@epa.gov,Male,240.28.33.171,4659,Suite 43,3/31/2023
691,Cchaddie,Dimitrescu,cdimitrescuj6@shinystat.com,Agender,44.163.81.201,7500,Room 1528,2/2/2023
692,Mendy,Coxen,mcoxenj7@geocities.com,Male,71.171.86.32,8890,Apt 1039,3/21/2023
693,Jay,Ketts,jkettsj8@dmoz.org,Male,35.57.146.28,9069,Suite 95,1/14/2023
694,Bartlett,Onele,bonelej9@tinyurl.com,Male,192.138.223.175,5688,Apt 1252,6/21/2022
695,Hebert,Ivanyushin,hivanyushinja@cnbc.com,Bigender,134.123.231.46,9742,Room 225,9/5/2022
696,Raimund,Brasher,rbrasherjb@360.cn,Male,237.172.142.99,5253,Room 833,2/17/2023
697,Jefferey,Pietz,jpietzjc@microsoft.com,Male,54.17.93.160,6706,PO Box 27192,3/30/2023
698,Ashil,Whaymand,awhaymandjd@cmu.edu,Female,26.66.253.63,1737,3rd Floor,6/6/2022
699,Dietrich,McCartan,dmccartanje@wiley.com,Male,228.74.45.208,2666,Room 613,4/3/2023
700,Andrej,Huxster,ahuxsterjf@nbcnews.com,Male,238.117.123.144,4806,Apt 1709,7/28/2022
701,Carina,Henner,chennerjg@techcrunch.com,Female,106.83.192.210,7806,PO Box 72600,10/15/2022
702,Shelley,Straniero,sstranierojh@wikia.com,Male,88.234.185.51,9370,Apt 653,10/16/2022
703,Carlita,Moisey,cmoiseyji@seattletimes.com,Female,223.147.199.211,2280,Suite 66,3/4/2023
704,Darci,Osgarby,dosgarbyjj@ustream.tv,Female,154.97.74.109,9264,PO Box 83789,5/19/2022
705,Hiram,Archbold,harchboldjk@dedecms.com,Male,24.223.245.174,6080,Room 458,11/20/2022
706,Ariadne,Askell,aaskelljl@ocn.ne.jp,Genderfluid,94.38.145.128,7613,PO Box 65544,3/17/2023
707,Kendricks,Donaher,kdonaherjm@i2i.jp,Male,67.59.5.153,9266,Room 1675,12/30/2022
708,Raymond,Dampney,rdampneyjn@list-manage.com,Non-binary,143.152.238.35,2384,PO Box 26022,4/21/2022
709,Fields,Robshaw,frobshawjo@odnoklassniki.ru,Male,228.109.245.122,6919,6th Floor,2/3/2023
710,Tessie,Alner,talnerjp@infoseek.co.jp,Female,207.27.42.58,6970,Suite 89,8/28/2022
711,Chevy,Sergison,csergisonjq@geocities.jp,Male,250.237.111.16,3396,12th Floor,10/5/2022
712,Olympie,Sackur,osackurjr@china.com.cn,Female,179.40.204.62,9970,PO Box 85991,3/20/2023
713,Chrotoem,Lumbers,clumbersjs@java.com,Male,27.232.185.156,3780,Room 317,12/23/2022
714,Cordell,Plewes,cplewesjt@businessweek.com,Male,30.245.98.23,5871,PO Box 93795,6/15/2022
715,Sansone,Ebdon,sebdonju@xinhuanet.com,Male,144.164.154.122,6065,PO Box 9253,6/22/2022
716,Galina,Molineaux,gmolineauxjv@si.edu,Female,241.218.141.95,3475,Apt 107,12/8/2022
717,Cathy,Andrini,candrinijw@oracle.com,Female,218.225.177.78,8113,PO Box 82316,8/26/2022
718,Hebert,Blankau,hblankaujx@ibm.com,Male,100.163.190.179,8571,Apt 1080,4/22/2022
719,Stefan,Jeanon,sjeanonjy@pen.io,Male,189.252.187.160,7832,Room 1728,9/19/2022
720,Lilas,Patis,lpatisjz@earthlink.net,Agender,61.46.150.164,4840,5th Floor,5/23/2022
721,Vin,Kiernan,vkiernank0@upenn.edu,Female,61.204.166.203,7387,Apt 341,2/13/2023
722,Findlay,Ride,fridek1@deliciousdays.com,Male,71.173.60.80,9955,PO Box 43140,10/14/2022
723,Haslett,Gowar,hgowark2@opensource.org,Male,123.8.184.113,7824,Suite 97,7/20/2022
724,Rod,Dunbleton,rdunbletonk3@google.co.uk,Male,40.222.191.160,7713,PO Box 48759,6/11/2022
725,Donica,Borrill,dborrillk4@sciencedaily.com,Female,20.4.209.63,3222,Suite 97,5/17/2022
726,Sherwynd,Ovenden,sovendenk5@cbc.ca,Male,5.81.255.69,7217,Suite 3,2/6/2023
727,Florian,Follitt,ffollittk6@trellian.com,Male,78.244.159.36,2075,5th Floor,1/26/2023
728,Ryley,Gremain,rgremaink7@house.gov,Male,117.215.205.109,6939,Apt 1145,2/6/2023
729,Tabor,Yarrall,tyarrallk8@whitehouse.gov,Male,70.175.238.151,9071,Apt 1302,2/21/2023
730,Melantha,Hatch,mhatchk9@nationalgeographic.com,Female,28.149.211.80,2444,Room 2000,9/22/2022
731,Torrie,Luker,tlukerka@myspace.com,Female,27.127.39.169,6095,Apt 703,12/3/2022
732,Marc,Horsburgh,mhorsburghkb@addtoany.com,Male,232.198.201.103,5604,PO Box 56252,12/24/2022
733,Jessika,Klimt,jklimtkc@globo.com,Female,181.216.89.4,1235,Room 1985,8/10/2022
734,Ryon,Reeder,rreederkd@is.gd,Genderfluid,149.96.232.181,7943,Suite 63,8/7/2022
735,Aube,Martinez,amartinezke@ibm.com,Male,44.123.55.40,7611,Suite 34,5/21/2022
736,Austin,Meeson,ameesonkf@i2i.jp,Female,190.137.41.216,1043,9th Floor,1/7/2023
737,Boyce,Kinmond,bkinmondkg@reuters.com,Male,207.230.198.104,7910,Apt 66,2/24/2023
738,Lianna,Cretney,lcretneykh@loc.gov,Genderqueer,254.154.172.20,9560,Room 603,12/3/2022
739,Carling,Mynett,cmynettki@latimes.com,Male,43.113.152.59,8047,Apt 1274,7/11/2022
740,Karmen,Eccott,keccottkj@miibeian.gov.cn,Female,81.69.205.255,1210,10th Floor,12/29/2022
741,Celeste,Palluschek,cpalluschekkk@ezinearticles.com,Polygender,64.8.32.149,6067,PO Box 98456,5/22/2022
742,Curtis,Brunetti,cbrunettikl@abc.net.au,Male,202.156.80.110,2893,Apt 1427,8/12/2022
743,Gabriela,Bellard,gbellardkm@yahoo.co.jp,Female,77.103.3.160,1591,5th Floor,4/28/2022
744,Meggi,Aspland,masplandkn@hao123.com,Female,17.120.38.211,6708,Room 474,6/27/2022
745,Margeaux,Odams,modamsko@github.io,Female,89.251.52.11,8682,Suite 32,8/12/2022
746,Frederich,Lindeman,flindemankp@squarespace.com,Male,51.28.158.224,5295,Suite 52,8/2/2022
747,Katya,Aiers,kaierskq@wordpress.com,Female,143.139.208.67,3550,Apt 460,7/21/2022
748,Shawna,Seligson,sseligsonkr@guardian.co.uk,Female,79.155.170.232,5037,Suite 99,6/4/2022
749,Shanie,Baszniak,sbaszniakks@boston.com,Female,197.36.169.198,7632,Apt 1859,5/13/2022
750,Joshuah,Counter,jcounterkt@printfriendly.com,Genderfluid,52.60.151.119,6280,Apt 1581,11/8/2022
751,Jilleen,Grunnill,jgrunnillku@google.es,Female,158.158.27.8,5270,Suite 82,6/7/2022
752,Edeline,Betterton,ebettertonkv@unicef.org,Female,252.57.143.30,7970,Room 674,12/2/2022
753,Ximenes,MacArdle,xmacardlekw@dion.ne.jp,Genderqueer,237.65.5.58,7059,Apt 347,2/6/2023
754,Nikos,Thiese,nthiesekx@abc.net.au,Male,85.11.205.210,3219,Room 797,10/27/2022
755,Belita,Dimelow,bdimelowky@cmu.edu,Female,170.247.196.197,9841,Room 891,11/13/2022
756,Dania,Rappaport,drappaportkz@oakley.com,Female,154.244.43.57,1292,PO Box 24666,3/15/2023
757,Zebedee,Weatherill,zweatherilll0@psu.edu,Genderqueer,89.226.21.34,1912,Suite 12,6/25/2022
758,Virgie,Bezant,vbezantl1@nydailynews.com,Male,227.185.115.247,4143,Room 334,4/18/2022
759,Laura,Cauldwell,lcauldwelll2@photobucket.com,Female,25.0.48.118,2290,Suite 93,8/7/2022
760,Pearline,Goodwyn,pgoodwynl3@netvibes.com,Female,134.75.211.235,6095,7th Floor,5/11/2022
761,Saundra,Stuehmeier,sstuehmeierl4@netlog.com,Female,97.68.27.176,4178,Room 903,8/6/2022
762,Monti,Kerfod,mkerfodl5@sphinn.com,Male,133.219.102.194,4503,PO Box 97871,12/31/2022
763,Ignatius,Gerbi,igerbil6@ed.gov,Male,147.111.45.138,1809,Apt 56,12/16/2022
764,Paulina,McCourtie,pmccourtiel7@examiner.com,Female,192.62.234.60,1083,PO Box 70270,2/27/2023
765,Wain,Corcoran,wcorcoranl8@netvibes.com,Male,183.31.206.22,7831,Suite 84,1/1/2023
766,Emlynn,Dodding,edoddingl9@cornell.edu,Female,86.197.127.235,7313,20th Floor,12/14/2022
767,Hermon,Kann,hkannla@eepurl.com,Male,108.15.177.44,5980,18th Floor,9/25/2022
768,Isa,Champkin,ichampkinlb@nymag.com,Female,253.38.75.102,7074,9th Floor,10/12/2022
769,Burke,Hazelton,bhazeltonlc@yahoo.co.jp,Male,171.57.222.5,6818,Suite 34,1/18/2023
770,Babs,Whapham,bwhaphamld@sun.com,Female,153.21.68.236,2650,Suite 93,6/15/2022
771,Korrie,Olekhov,kolekhovle@oracle.com,Female,172.248.217.26,4873,PO Box 84447,5/4/2022
772,Eliot,Brewin,ebrewinlf@google.co.jp,Male,110.148.26.146,3957,4th Floor,10/12/2022
773,Marketa,Blackader,mblackaderlg@abc.net.au,Female,4.87.255.119,6044,Room 1851,4/24/2022
774,Gleda,Croydon,gcroydonlh@hao123.com,Female,207.0.28.118,9554,Room 81,11/25/2022
775,Sanders,Battleson,sbattlesonli@tripod.com,Male,61.15.225.127,3851,Apt 394,9/24/2022
776,Daron,Kohrs,dkohrslj@state.gov,Female,168.197.125.195,8356,Room 1430,2/18/2023
777,Dimitri,Harbard,dharbardlk@qq.com,Male,146.139.74.130,8701,Apt 612,6/16/2022
778,Allyn,Winger,awingerll@ovh.net,Male,36.245.251.52,4238,Suite 47,12/27/2022
779,Staci,McMarquis,smcmarquislm@fda.gov,Female,79.21.68.225,5877,PO Box 38717,5/15/2022
780,Omero,Frushard,ofrushardln@cdc.gov,Male,106.147.60.70,5887,18th Floor,9/29/2022
781,Brander,Duham,bduhamlo@usgs.gov,Male,142.192.66.222,7237,PO Box 20045,4/8/2022
782,Jenica,Yapp,jyapplp@macromedia.com,Female,51.113.233.21,5131,Suite 3,5/26/2022
783,Cosme,Tinkham,ctinkhamlq@pinterest.com,Male,91.235.150.204,3460,Room 867,4/16/2022
784,Isidor,Champ,ichamplr@engadget.com,Male,7.189.116.31,2485,PO Box 19319,5/26/2022
785,Blair,Gartery,bgarteryls@auda.org.au,Male,40.98.162.95,5720,Apt 869,2/6/2023
786,Bobina,Kirman,bkirmanlt@hugedomains.com,Female,92.234.156.100,8538,17th Floor,2/23/2023
787,Tiffy,Fraser,tfraserlu@oakley.com,Female,37.234.174.61,8419,PO Box 49569,3/15/2023
788,Franz,Peasgood,fpeasgoodlv@uol.com.br,Male,38.11.149.166,5352,Suite 44,6/25/2022
789,Goldina,Dehn,gdehnlw@skyrock.com,Female,123.149.192.188,6442,PO Box 31051,4/20/2022
790,Timmy,Sanja,tsanjalx@soundcloud.com,Male,223.174.136.80,3328,Suite 52,9/17/2022
791,Agnella,Blue,abluely@yolasite.com,Female,104.248.54.164,7547,Apt 73,8/23/2022
792,Dario,Hammerman,dhammermanlz@globo.com,Male,52.202.91.200,8002,Room 952,2/28/2023
793,Hilda,Pacht,hpachtm0@intel.com,Genderqueer,7.167.236.95,4602,14th Floor,12/23/2022
794,Damara,Paffley,dpaffleym1@tinyurl.com,Female,77.15.205.112,7281,10th Floor,3/9/2023
795,Jaymie,Hanaford,jhanafordm2@ca.gov,Male,57.43.110.92,8472,Apt 1860,5/14/2022
796,Wren,Longhorne,wlonghornem3@hibu.com,Female,125.38.233.43,9602,PO Box 34284,6/17/2022
797,Charmaine,Ream,creamm4@istockphoto.com,Female,94.19.64.11,5128,Suite 9,7/16/2022
798,Lesley,Arundel,larundelm5@woothemes.com,Male,127.127.227.173,3940,Room 1654,6/5/2022
799,Vassili,Furness,vfurnessm6@google.pl,Male,112.95.94.215,7905,Apt 1681,2/8/2023
800,Isobel,Durward,idurwardm7@ucla.edu,Female,80.151.180.64,9621,Apt 986,7/28/2022
801,Dan,Oglevie,dogleviem8@usatoday.com,Male,80.154.125.119,9885,Apt 1932,7/19/2022
802,Dino,Berendsen,dberendsenm9@com.com,Male,230.75.213.190,5210,PO Box 41436,3/14/2023
803,Kathleen,McClune,kmcclunema@time.com,Female,29.60.76.59,9029,Room 1187,7/3/2022
804,Margie,Toal,mtoalmb@stanford.edu,Female,245.249.134.93,6983,Suite 37,12/18/2022
805,Karoly,Squibb,ksquibbmc@liveinternet.ru,Male,138.194.208.7,6423,Apt 911,6/12/2022
806,Meryl,Lande,mlandemd@mac.com,Male,187.38.122.24,4951,PO Box 82998,8/26/2022
807,Sheffie,Deadman,sdeadmanme@weather.com,Male,190.150.18.141,4475,Suite 82,6/13/2022
808,Kerr,Pedden,kpeddenmf@samsung.com,Polygender,184.245.135.168,9407,PO Box 94952,8/18/2022
809,Jasmine,Blofield,jblofieldmg@exblog.jp,Female,180.137.187.177,1474,Suite 80,4/13/2022
810,Cristina,Szymon,cszymonmh@sina.com.cn,Polygender,64.54.30.109,6299,18th Floor,5/9/2022
811,Mollie,Wardesworth,mwardesworthmi@cnn.com,Female,164.168.10.183,9779,5th Floor,2/15/2023
812,Carlie,Ker,ckermj@nbcnews.com,Female,0.59.34.94,2250,Apt 1601,1/25/2023
813,Georas,Dunlop,gdunlopmk@un.org,Male,126.133.225.148,1128,PO Box 78114,10/24/2022
814,Steven,Beaglehole,sbeagleholeml@yandex.ru,Male,15.131.69.219,1683,Apt 946,12/9/2022
815,Feliza,Greenhaugh,fgreenhaughmm@digg.com,Female,51.212.155.85,7604,Suite 26,10/4/2022
816,Nappy,Chiverton,nchivertonmn@sciencedirect.com,Male,225.191.204.72,3974,10th Floor,12/15/2022
817,Zelig,Stearn,zstearnmo@adobe.com,Male,88.169.76.29,1071,Apt 1049,2/5/2023
818,Darius,Pawlowicz,dpawlowiczmp@auda.org.au,Male,132.145.104.83,8836,Suite 6,6/2/2022
819,Jessee,Arnall,jarnallmq@surveymonkey.com,Genderqueer,12.152.64.209,7473,Apt 1467,8/23/2022
820,Kim,Mytton,kmyttonmr@plala.or.jp,Female,37.39.152.182,8137,Suite 67,11/13/2022
821,Darla,Giddy,dgiddyms@squarespace.com,Female,215.232.229.50,8649,Suite 89,3/7/2023
822,Brenn,Jandourek,bjandourekmt@soundcloud.com,Female,57.121.219.124,7682,Room 1677,1/31/2023
823,Laverna,Orht,lorhtmu@wordpress.org,Female,222.248.29.119,8928,PO Box 48338,3/18/2023
824,Pet,Laurentin,plaurentinmv@deviantart.com,Female,161.46.196.14,7403,PO Box 42747,6/7/2022
825,Emogene,Hinemoor,ehinemoormw@mail.ru,Female,196.51.51.177,3687,PO Box 2472,10/26/2022
826,Sawyere,Backhouse,sbackhousemx@squidoo.com,Male,237.41.2.95,8771,6th Floor,7/1/2022
827,Dick,Gerkens,dgerkensmy@xrea.com,Polygender,208.7.239.199,4289,7th Floor,7/29/2022
828,Rana,Martin,rmartinmz@xrea.com,Female,31.229.59.50,1429,1st Floor,10/24/2022
829,Brander,Ranscome,branscomen0@parallels.com,Male,112.63.118.39,3411,4th Floor,8/5/2022
830,Zacharias,Shapera,zshaperan1@dailymotion.com,Male,151.255.93.31,3373,Room 841,9/25/2022
831,Angelika,Pringle,apringlen2@lycos.com,Female,132.125.175.229,2931,Apt 672,5/26/2022
832,Moira,Hulcoop,mhulcoopn3@gnu.org,Female,19.178.164.161,9877,Suite 82,9/5/2022
833,Sybille,Boolsen,sboolsenn4@ehow.com,Female,92.208.150.108,1149,Apt 758,10/3/2022
834,Tilda,Cordery,tcorderyn5@shop-pro.jp,Female,179.105.70.50,4007,6th Floor,8/24/2022
835,Caitlin,Botten,cbottenn6@ca.gov,Female,4.13.25.120,5979,Apt 1980,8/16/2022
836,Bancroft,Bento,bbenton7@cpanel.net,Male,146.39.167.1,3911,Apt 1023,5/19/2022
837,Prentiss,Brettoner,pbrettonern8@tmall.com,Male,14.81.106.45,3170,PO Box 19332,8/31/2022
838,Dorice,Pinn,dpinnn9@geocities.com,Female,172.98.22.206,9599,Suite 11,6/18/2022
839,Shay,Look,slookna@reuters.com,Male,118.217.190.216,6442,13th Floor,8/8/2022
840,Suzann,Misken,smiskennb@360.cn,Female,250.107.209.181,5581,Apt 520,3/25/2023
841,Twyla,Lanyon,tlanyonnc@huffingtonpost.com,Female,101.106.66.50,3104,Apt 1914,5/13/2022
842,Sayers,Byk,sbyknd@samsung.com,Male,195.210.229.24,5598,Room 274,10/5/2022
843,Jakie,Bagwell,jbagwellne@qq.com,Male,219.162.23.26,2217,Apt 450,4/7/2022
844,Erv,Casburn,ecasburnnf@paginegialle.it,Male,226.155.57.156,4439,Room 1533,9/18/2022
845,Hilary,Ackery,hackeryng@taobao.com,Female,160.141.183.207,7405,Suite 99,12/29/2022
846,Lindsy,Mattiessen,lmattiessennh@imageshack.us,Female,122.108.179.35,5107,Apt 81,10/6/2022
847,Niccolo,Mengo,nmengoni@icq.com,Male,133.175.158.251,1505,Room 1751,7/3/2022
848,Donnell,Annes,dannesnj@usa.gov,Male,129.173.112.102,9953,3rd Floor,7/13/2022
849,Philis,Brute,pbrutenk@weibo.com,Female,120.75.25.223,2261,Apt 1242,8/3/2022
850,Carie,Clara,cclaranl@nhs.uk,Female,231.209.122.136,7067,Apt 351,7/18/2022
851,Tiphanie,Gleadhell,tgleadhellnm@fotki.com,Female,187.224.169.153,7958,Apt 9,1/15/2023
852,Sheryl,Hartropp,shartroppnn@ehow.com,Bigender,102.245.84.193,6990,PO Box 92991,7/1/2022
853,Kacey,Howorth,khoworthno@businesswire.com,Genderfluid,215.33.72.72,7689,PO Box 32335,6/15/2022
854,Hilario,Quigley,hquigleynp@china.com.cn,Male,248.198.141.83,4693,Suite 29,11/8/2022
855,Giovanni,Leftridge,gleftridgenq@wikispaces.com,Male,115.227.98.203,5223,1st Floor,11/9/2022
856,Joelly,Hannaford,jhannafordnr@sciencedaily.com,Female,86.5.216.97,2103,Suite 15,12/18/2022
857,Gerald,Hamon,ghamonns@wordpress.com,Male,180.209.118.193,8563,Room 1725,6/7/2022
858,Germain,Poschel,gposchelnt@home.pl,Male,65.118.179.219,9680,PO Box 86126,3/24/2023
859,Sabrina,Roberts,srobertsnu@yahoo.co.jp,Female,110.229.45.190,3437,PO Box 53841,8/18/2022
860,Gracie,Dundredge,gdundredgenv@google.it,Female,85.105.91.69,5155,2nd Floor,12/1/2022
861,Emilia,Cartmer,ecartmernw@unc.edu,Female,9.158.125.19,9775,15th Floor,7/14/2022
862,Cazzie,Blackman,cblackmannx@xrea.com,Male,9.190.48.129,4280,Room 1384,3/2/2023
863,Frayda,McKeurton,fmckeurtonny@bravesites.com,Female,227.14.50.99,9750,Room 335,5/7/2022
864,Lisabeth,Senecaut,lsenecautnz@wired.com,Female,109.227.69.75,5449,Suite 9,4/7/2022
865,Chrystel,Philipsson,cphilipssono0@aol.com,Female,6.15.149.170,9205,PO Box 78091,3/29/2023
866,Mickie,Abba,mabbao1@abc.net.au,Female,206.231.161.118,7368,Apt 505,5/20/2022
867,Christi,Daniells,cdaniellso2@ibm.com,Female,99.92.71.93,3576,5th Floor,3/31/2023
868,Isabelita,Hudleston,ihudlestono3@hibu.com,Female,239.159.11.109,3100,Suite 68,11/14/2022
869,Fifine,Drewes,fdreweso4@noaa.gov,Female,10.225.120.175,6954,13th Floor,1/26/2023
870,Leilah,Aylesbury,laylesburyo5@admin.ch,Agender,89.159.176.65,2072,PO Box 25471,3/22/2023
871,Darcy,Whyatt,dwhyatto6@auda.org.au,Female,127.245.206.156,2852,Room 544,11/19/2022
872,Emilia,Batalini,ebatalinio7@ucsd.edu,Female,190.23.62.85,6610,Suite 93,1/12/2023
873,Bogey,MacKessock,bmackessocko8@nymag.com,Agender,222.22.223.239,3892,Suite 33,11/13/2022
874,Lavina,Dunsmuir,ldunsmuiro9@tumblr.com,Female,120.214.125.228,5790,Room 1143,5/18/2022
875,Weider,Mollon,wmollonoa@nsw.gov.au,Male,211.116.121.198,5606,8th Floor,12/29/2022
876,Miquela,Toffaloni,mtoffaloniob@smugmug.com,Female,169.150.15.35,7140,3rd Floor,1/24/2023
877,Zack,Del Dello,zdeldellooc@spiegel.de,Male,143.245.2.216,2769,PO Box 2612,10/18/2022
878,Kai,Falkingham,kfalkinghamod@amazon.co.uk,Female,221.130.145.161,8645,Apt 353,2/28/2023
879,Brice,Steward,bstewardoe@bing.com,Male,3.14.115.163,6669,Apt 1122,6/24/2022
880,Crosby,Hamflett,chamflettof@vkontakte.ru,Male,105.57.26.213,4632,Room 1662,2/8/2023
881,Alana,Dresse,adresseog@uiuc.edu,Female,208.127.98.183,2560,14th Floor,11/6/2022
882,Giraud,Dahle,gdahleoh@sourceforge.net,Male,178.146.117.159,8637,Suite 72,6/27/2022
883,Henriette,Rewan,hrewanoi@acquirethisname.com,Agender,234.2.73.63,1762,Room 1819,12/10/2022
884,Tobi,Mildner,tmildneroj@people.com.cn,Female,46.76.62.84,2003,18th Floor,1/21/2023
885,Laird,Mallabund,lmallabundok@networkadvertising.org,Polygender,79.158.1.199,5356,PO Box 38982,1/23/2023
886,Glynn,Hacquoil,ghacquoilol@vistaprint.com,Male,40.177.133.107,5345,Suite 28,3/25/2023
887,Nicol,Court,ncourtom@salon.com,Female,49.202.57.7,2415,Suite 25,9/25/2022
888,Elisha,Gladbach,egladbachon@csmonitor.com,Male,112.45.227.32,6916,Apt 112,3/13/2023
889,Tobin,Norwood,tnorwoodoo@mapquest.com,Male,13.171.233.170,1169,10th Floor,1/23/2023
890,Nap,Losano,nlosanoop@tinyurl.com,Male,10.93.62.185,4083,6th Floor,3/27/2023
891,Abbott,Whitney,awhitneyoq@liveinternet.ru,Male,144.58.116.152,5074,16th Floor,12/9/2022
892,Elsworth,Davidovici,edavidovicior@github.com,Male,213.226.246.135,3603,Apt 1034,2/14/2023
893,Vinny,Kembley,vkembleyos@dagondesign.com,Female,145.230.163.161,3136,Suite 90,10/2/2022
894,Tawsha,Wenham,twenhamot@bbb.org,Bigender,125.222.197.89,2563,Room 1285,4/21/2022
895,Marrilee,McCumskay,mmccumskayou@gravatar.com,Female,139.215.22.135,8807,PO Box 96196,8/26/2022
896,Gaile,Spikings,gspikingsov@hc360.com,Male,132.195.125.184,7738,Apt 966,2/13/2023
897,Glenden,Rozec,grozecow@qq.com,Male,77.47.225.226,6951,Room 1848,4/19/2022
898,Saidee,Batcock,sbatcockox@edublogs.org,Female,105.81.56.109,4623,15th Floor,12/4/2022
899,Mandie,Paunton,mpauntonoy@ed.gov,Female,236.115.160.77,1107,Apt 955,8/31/2022
900,Harriette,Teanby,hteanbyoz@ehow.com,Female,2.199.217.246,3790,Room 643,2/11/2023
901,Daniela,Payler,dpaylerp0@amazon.co.uk,Female,153.33.134.109,8510,Apt 406,3/20/2023
902,Sada,Domonkos,sdomonkosp1@apache.org,Female,253.50.239.82,5503,20th Floor,8/17/2022
903,Pernell,Khristyukhin,pkhristyukhinp2@ed.gov,Male,182.1.3.156,1506,Suite 21,2/22/2023
904,Cyndy,Cleal,cclealp3@github.com,Female,229.185.171.196,6535,Room 479,5/11/2022
905,Pavel,Peiro,ppeirop4@salon.com,Male,6.227.194.157,4740,Suite 72,11/6/2022
906,Jesse,Bernet,jbernetp5@creativecommons.org,Female,153.61.130.107,2954,10th Floor,4/26/2022
907,Vere,Sneesbie,vsneesbiep6@sbwire.com,Female,99.108.85.223,3437,Apt 1535,12/5/2022
908,Minetta,Howorth,mhoworthp7@amazon.com,Female,226.232.72.7,8210,Apt 1414,12/16/2022
909,Gilligan,Rowlands,growlandsp8@nymag.com,Female,47.222.10.33,3999,8th Floor,1/26/2023
910,Nell,Eayrs,neayrsp9@meetup.com,Female,250.135.248.116,5258,Room 1944,3/10/2023
911,Maddy,Haizelden,mhaizeldenpa@facebook.com,Female,48.14.147.73,8879,Apt 397,5/17/2022
912,Holt,Nell,hnellpb@google.com,Male,89.211.89.223,2301,Apt 1126,4/13/2022
913,Rachel,Mitie,rmitiepc@amazon.com,Genderfluid,20.254.33.255,6579,10th Floor,2/27/2023
914,Gianina,Bollins,gbollinspd@google.co.uk,Female,90.92.89.53,4646,Room 1899,11/19/2022
915,Flynn,Lowes,flowespe@cam.ac.uk,Male,206.24.55.12,9628,PO Box 22121,4/1/2023
916,Mikey,Critchard,mcritchardpf@elegantthemes.com,Male,18.208.29.34,2870,Room 932,6/8/2022
917,Drud,Knighton,dknightonpg@dailymotion.com,Male,97.146.245.178,4531,8th Floor,2/18/2023
918,Brnaby,Headan,bheadanph@symantec.com,Genderqueer,127.26.16.145,7131,Apt 1692,12/30/2022
919,Dinah,Ridde,driddepi@amazon.com,Female,114.167.31.231,2196,9th Floor,3/19/2023
920,Gilberto,Philipeau,gphilipeaupj@un.org,Male,221.255.238.151,2734,Suite 1,12/17/2022
921,Charmaine,Nelle,cnellepk@sciencedirect.com,Female,119.33.138.49,2089,PO Box 93905,3/17/2023
922,Ellissa,Berisford,eberisfordpl@netvibes.com,Female,74.77.171.137,3041,Suite 94,10/9/2022
923,Wells,Bredgeland,wbredgelandpm@tumblr.com,Male,74.72.162.244,5977,Room 1316,12/10/2022
924,Devlen,Dulake,ddulakepn@mit.edu,Male,111.183.222.113,9261,19th Floor,12/2/2022
925,Vasili,Tingley,vtingleypo@whitehouse.gov,Male,54.227.37.104,9863,12th Floor,6/8/2022
926,Douglas,Aizikowitz,daizikowitzpp@vk.com,Male,53.142.174.212,5381,Room 403,5/5/2022
927,Nessy,Munday,nmundaypq@cnn.com,Female,246.108.149.216,5571,Room 1701,12/4/2022
928,Calypso,Royce,croycepr@msu.edu,Female,43.86.7.215,6656,Room 1508,3/1/2023
929,Caroline,Worvill,cworvillps@free.fr,Female,7.136.159.129,7308,4th Floor,8/19/2022
930,Reade,Denzey,rdenzeypt@multiply.com,Male,255.151.108.156,3394,11th Floor,8/22/2022
931,Arni,Dalgliesh,adalglieshpu@slashdot.org,Male,141.221.92.52,3840,Suite 67,7/27/2022
932,Rubina,McEvon,rmcevonpv@chron.com,Female,179.241.232.58,1049,PO Box 41445,7/21/2022
933,Domenico,Theobold,dtheoboldpw@statcounter.com,Male,145.229.3.236,4288,13th Floor,11/26/2022
934,Leann,Haddrill,lhaddrillpx@goo.gl,Female,209.45.146.97,2296,2nd Floor,6/28/2022
935,Cybill,Leemans,cleemanspy@nyu.edu,Female,184.91.15.138,3381,Suite 50,7/22/2022
936,Moyra,Deniset,mdenisetpz@wordpress.org,Female,242.206.100.23,1988,PO Box 36447,8/23/2022
937,Albina,Kensy,akensyq0@tripadvisor.com,Female,190.136.123.180,7051,14th Floor,7/2/2022
938,Ly,Hardiker,lhardikerq1@slate.com,Male,61.167.96.122,3902,PO Box 71997,11/1/2022
939,Hewe,Cearley,hcearleyq2@skyrock.com,Male,78.89.237.26,6935,Suite 10,3/4/2023
940,Cicily,Sheffield,csheffieldq3@elegantthemes.com,Female,7.202.112.45,4157,20th Floor,12/9/2022
941,Fergus,O'Heffernan,foheffernanq4@4shared.com,Male,8.8.75.212,2114,Room 288,6/6/2022
942,Tommy,Attwoull,tattwoullq5@linkedin.com,Male,82.0.236.48,3658,Room 893,8/23/2022
943,Kim,Langstrath,klangstrathq6@globo.com,Male,207.179.93.81,2390,Apt 1177,5/13/2022
944,Archy,Itzakson,aitzaksonq7@newsvine.com,Male,105.232.97.76,2118,PO Box 87189,3/26/2023
945,Meredithe,Cliffe,mcliffeq8@wikipedia.org,Female,24.123.53.88,4653,Suite 77,9/4/2022
946,Stephan,Spinozzi,sspinozziq9@wikispaces.com,Male,153.237.17.178,2533,Suite 53,8/31/2022
947,Nikolas,Brimson,nbrimsonqa@people.com.cn,Male,191.118.106.203,5364,Room 1165,3/17/2023
948,Tobias,Elletson,telletsonqb@foxnews.com,Male,86.163.24.118,2858,Room 1071,5/26/2022
949,Aleksandr,Verralls,averrallsqc@accuweather.com,Male,140.236.71.161,8091,Suite 21,10/12/2022
950,Henri,Osbaldstone,hosbaldstoneqd@globo.com,Non-binary,71.150.201.213,1477,Suite 93,11/12/2022
951,Ardra,Palphramand,apalphramandqe@barnesandnoble.com,Female,195.213.36.145,1204,Apt 879,5/7/2022
952,Lon,Dobie,ldobieqf@mediafire.com,Male,203.78.9.99,9757,Suite 8,2/28/2023
953,Haskel,McCloch,hmcclochqg@icq.com,Male,41.150.219.235,2172,Room 1501,2/5/2023
954,Jedediah,Marishenko,jmarishenkoqh@exblog.jp,Male,178.3.66.190,9782,PO Box 63472,2/11/2023
955,Heall,Perchard,hperchardqi@ameblo.jp,Male,196.155.207.84,5128,PO Box 93464,5/21/2022
956,Malchy,Simeoni,msimeoniqj@admin.ch,Male,55.146.182.12,2880,Room 464,5/23/2022
957,Henrie,Gingold,hgingoldqk@unblog.fr,Female,46.202.243.55,9094,Room 400,3/8/2023
958,Daria,Pilbury,dpilburyql@themeforest.net,Female,152.206.35.131,6687,Suite 91,11/16/2022
959,Basile,Launder,blaunderqm@purevolume.com,Male,183.122.52.48,9269,5th Floor,1/19/2023
960,Jacquenetta,Atcheson,jatchesonqn@google.fr,Female,41.210.178.114,4051,Room 189,10/19/2022
961,Barrett,Josh,bjoshqo@shinystat.com,Male,222.27.133.194,9653,Room 805,10/24/2022
962,Herman,Adamoli,hadamoliqp@dmoz.org,Bigender,97.171.3.188,6482,14th Floor,12/26/2022
963,Paige,Mitkin,pmitkinqq@51.la,Male,13.67.67.153,2566,Suite 90,4/9/2022
964,Antonin,Le Gassick,alegassickqr@cdbaby.com,Male,146.133.127.205,5732,Apt 729,12/20/2022
965,Olly,Shilito,oshilitoqs@joomla.org,Female,96.249.197.58,6227,Suite 28,6/8/2022
966,Hurleigh,Leed,hleedqt@flickr.com,Male,231.151.216.105,6423,PO Box 33661,8/27/2022
967,Bondy,Buffham,bbuffhamqu@google.nl,Male,207.127.131.37,1917,PO Box 87407,12/5/2022
968,Cyrill,Langhorne,clanghorneqv@networksolutions.com,Male,179.134.182.217,5434,Room 919,7/31/2022
969,Haleigh,Hicks,hhicksqw@toplist.cz,Male,91.57.197.100,5554,PO Box 69613,5/10/2022
970,Othilie,Markussen,omarkussenqx@time.com,Female,62.55.221.196,4421,Room 1908,8/13/2022
971,Jeniffer,Ashbe,jashbeqy@google.de,Female,123.15.165.37,5356,Suite 72,8/11/2022
972,Iolanthe,MacFarlan,imacfarlanqz@github.com,Female,11.158.15.38,3968,Room 692,3/7/2023
973,Angelia,Runge,arunger0@sfgate.com,Genderqueer,53.15.231.163,3691,6th Floor,7/29/2022
974,Filmer,Belderson,fbeldersonr1@discuz.net,Male,207.40.162.227,7485,Apt 1538,7/2/2022
975,Sophi,Donat,sdonatr2@hc360.com,Female,222.157.89.219,2354,Apt 198,1/1/2023
976,Elfreda,Goldsberry,egoldsberryr3@dagondesign.com,Female,155.246.121.249,5286,Room 1271,9/20/2022
977,Conni,Wardington,cwardingtonr4@networksolutions.com,Female,75.163.75.247,3665,9th Floor,1/18/2023
978,Grant,Wetherick,gwetherickr5@ycombinator.com,Male,56.95.107.95,9007,PO Box 29904,8/18/2022
979,Angie,Knoble,aknobler6@sciencedirect.com,Male,93.254.217.112,4938,Apt 1974,7/29/2022
980,Selma,MacQuist,smacquistr7@paginegialle.it,Non-binary,126.166.8.45,2651,19th Floor,5/18/2022
981,Stefano,De Hooch,sdehoochr8@surveymonkey.com,Male,111.85.217.243,4002,Suite 79,1/8/2023
982,Berne,Gohn,bgohnr9@springer.com,Male,179.129.83.108,2660,PO Box 73960,9/10/2022
983,Brianne,Ipgrave,bipgravera@squidoo.com,Female,47.18.34.189,4967,Suite 23,5/16/2022
984,Bathsheba,Measor,bmeasorrb@moonfruit.com,Female,30.94.250.85,6745,Apt 270,9/27/2022
985,Niven,De Atta,ndeattarc@nytimes.com,Male,229.34.76.171,8928,14th Floor,9/15/2022
986,Shelba,Killough,skilloughrd@pcworld.com,Female,14.236.224.31,3696,Suite 89,9/1/2022
987,Blair,Whoston,bwhostonre@ifeng.com,Male,12.79.116.116,5641,Apt 1061,2/25/2023
988,Julissa,Hollingsbee,jhollingsbeerf@state.gov,Female,65.194.29.63,5358,Suite 35,4/24/2022
989,Ludwig,Sleeford,lsleefordrg@blogspot.com,Male,17.74.110.70,6845,Suite 72,6/1/2022
990,Trescha,Adshead,tadsheadrh@techcrunch.com,Female,75.146.113.102,7099,Apt 1133,7/15/2022
991,Corey,Hawes,chawesri@angelfire.com,Female,63.80.172.253,4850,PO Box 90927,12/13/2022
992,Jeff,Cuzen,jcuzenrj@exblog.jp,Male,144.71.11.13,2953,Apt 814,8/25/2022
993,Karrie,Gunda,kgundark@oaic.gov.au,Female,6.151.103.36,5124,Room 719,5/18/2022
994,Danice,Peagram,dpeagramrl@ehow.com,Female,116.118.27.109,5614,Apt 982,2/3/2023
995,Dietrich,Spears,dspearsrm@alexa.com,Male,31.164.173.196,9078,1st Floor,8/24/2022
996,Ricki,Tomaszek,rtomaszekrn@globo.com,Polygender,59.206.163.72,8949,PO Box 58857,6/30/2022
997,Torr,Duddell,tduddellro@yahoo.com,Male,212.100.242.235,2162,Room 1680,6/22/2022
998,Xenos,Stannas,xstannasrp@state.tx.us,Male,141.198.183.222,3777,11th Floor,8/30/2022
999,Stesha,Parnaby,sparnabyrq@state.tx.us,Female,14.241.176.219,1675,PO Box 87974,11/1/2022
1000,Deanna,Bycraft,dbycraftrr@ycombinator.com,Female,146.244.100.110,5130,Room 682,8/13/2022
